DATE,PRCP,TMAX,TMIN,RAIN
Dec-08,0.16,55.0,50.0,TRUE
Dec-08,0.03,51.0,43.0,TRUE
Dec-08,0.0,49.0,42.0,FALSE
Dec-08,0.0,49.0,37.0,FALSE
Dec-08,0.0,48.0,34.0,FALSE
Dec-08,0.0,50.0,38.0,FALSE
Dec-08,0.09,49.0,43.0,TRUE
Dec-08,0.0,45.0,39.0,FALSE
Dec-08,0.06,46.0,42.0,TRUE
Dec-08,0.05,48.0,44.0,TRUE
Dec-08,0.0,45.0,38.0,FALSE
Dec-08,0.73,45.0,34.0,TRUE
Dec-08,0.34,40.0,32.0,TRUE
Dec-08,0.06,32.0,22.0,TRUE
Dec-08,0.0,30.0,19.0,FALSE
Dec-08,0.0,31.0,20.0,FALSE
Dec-08,0.05,36.0,29.0,TRUE
Dec-08,0.18,35.0,25.0,TRUE
Dec-08,0.0,27.0,20.0,FALSE
Dec-08,0.16,26.0,14.0,TRUE
Dec-08,0.27,31.0,24.0,TRUE
Dec-08,0.02,34.0,27.0,TRUE
Dec-08,0.0,35.0,29.0,FALSE
Dec-08,0.44,38.0,30.0,TRUE
Dec-08,0.2,36.0,33.0,TRUE
Dec-08,0.15,38.0,32.0,TRUE
Dec-08,0.29,44.0,37.0,TRUE
Dec-08,0.35,44.0,38.0,TRUE
Dec-08,0.26,42.0,36.0,TRUE
Dec-08,0.12,43.0,34.0,TRUE
Dec-08,0.09,44.0,37.0,TRUE
Jan-09,0.71,46.0,36.0,TRUE
Jan-09,0.12,38.0,33.0,TRUE
Jan-09,0.0,40.0,32.0,FALSE
Jan-09,0.57,38.0,30.0,TRUE
Jan-09,0.04,46.0,34.0,TRUE
Jan-09,1.22,53.0,42.0,TRUE
Jan-09,2.29,52.0,50.0,TRUE
Jan-09,0.03,50.0,37.0,TRUE
Jan-09,0.0,43.0,36.0,FALSE
Jan-09,0.14,44.0,39.0,TRUE
Jan-09,0.03,48.0,44.0,TRUE
Jan-09,0.08,49.0,46.0,TRUE
Jan-09,0.0,46.0,40.0,FALSE
Jan-09,0.0,42.0,36.0,FALSE
Jan-09,0.0,42.0,35.0,FALSE
Jan-09,0.0,37.0,32.0,FALSE
Jan-09,0.0,44.0,32.0,FALSE
Jan-09,0.0,51.0,30.0,FALSE
Jan-09,0.0,42.0,29.0,FALSE
Jan-09,0.0,39.0,30.0,FALSE
Jan-09,0.0,40.0,31.0,FALSE
Jan-09,0.0,39.0,32.0,FALSE
Jan-09,0.0,41.0,31.0,FALSE
Jan-09,0.04,41.0,29.0,TRUE
Jan-09,0.02,35.0,29.0,TRUE
Jan-09,0.0,39.0,25.0,FALSE
Jan-09,0.09,42.0,30.0,TRUE
Jan-09,0.0,46.0,37.0,FALSE
Jan-09,0.0,47.0,35.0,FALSE
Jan-09,0.0,49.0,31.0,FALSE
Jan-09,0.02,45.0,34.0,TRUE
Feb-09,0.0,43.0,33.0,FALSE
Feb-09,0.0,52.0,38.0,FALSE
Feb-09,0.0,55.0,32.0,FALSE
Feb-09,0.0,63.0,36.0,FALSE
Feb-09,0.01,49.0,38.0,TRUE
Feb-09,0.04,44.0,38.0,TRUE
Feb-09,0.0,42.0,32.0,FALSE
Feb-09,0.01,44.0,32.0,TRUE
Feb-09,0.06,41.0,33.0,TRUE
Feb-09,0.24,39.0,31.0,TRUE
Feb-09,0.0,46.0,32.0,FALSE
Feb-09,0.0,46.0,31.0,FALSE
Feb-09,0.0,45.0,34.0,FALSE
Feb-09,0.0,47.0,35.0,FALSE
Feb-09,0.05,46.0,33.0,TRUE
Feb-09,0.0,48.0,34.0,FALSE
Feb-09,0.0,50.0,39.0,FALSE
Feb-09,0.0,54.0,35.0,FALSE
Feb-09,0.0,51.0,33.0,FALSE
Feb-09,0.0,52.0,30.0,FALSE
Feb-09,0.0,55.0,33.0,FALSE
Feb-09,0.07,57.0,43.0,TRUE
Feb-09,0.23,57.0,44.0,TRUE
Feb-09,0.34,48.0,44.0,TRUE
Feb-09,0.25,45.0,32.0,TRUE
Feb-09,0.21,38.0,26.0,TRUE
Feb-09,0.0,47.0,34.0,FALSE
Feb-09,0.0,54.0,38.0,FALSE
Mar-09,0.3,57.0,44.0,TRUE
Mar-09,0.11,57.0,44.0,TRUE
Mar-09,0.24,55.0,42.0,TRUE
Mar-09,0.03,46.0,40.0,TRUE
Mar-09,0.05,45.0,34.0,TRUE
Mar-09,0.0,45.0,28.0,FALSE
Mar-09,0.08,45.0,31.0,TRUE
Mar-09,0.32,40.0,30.0,TRUE
Mar-09,0.34,37.0,31.0,TRUE
Mar-09,0.0,40.0,27.0,FALSE
Mar-09,0.0,44.0,26.0,FALSE
Mar-09,0.0,51.0,29.0,FALSE
Mar-09,0.0,55.0,33.0,FALSE
Mar-09,0.49,45.0,38.0,TRUE
Mar-09,0.69,46.0,33.0,TRUE
Mar-09,0.29,44.0,35.0,TRUE
Mar-09,0.29,46.0,35.0,TRUE
Mar-09,0.0,54.0,38.0,FALSE
Mar-09,0.08,50.0,43.0,TRUE
Mar-09,0.12,56.0,36.0,TRUE
Mar-09,0.0,49.0,29.0,FALSE
Mar-09,0.01,49.0,39.0,TRUE
Mar-09,0.07,46.0,37.0,TRUE
Mar-09,0.01,48.0,40.0,TRUE
Mar-09,0.05,47.0,38.0,TRUE
Mar-09,0.0,52.0,33.0,FALSE
Mar-09,0.0,51.0,41.0,FALSE
Mar-09,0.38,43.0,34.0,TRUE
Mar-09,0.04,50.0,34.0,TRUE
Mar-09,0.0,47.0,38.0,FALSE
Mar-09,0.17,48.0,37.0,TRUE
Apr-09,0.39,46.0,34.0,TRUE
Apr-09,0.92,46.0,39.0,TRUE
Apr-09,0.09,50.0,35.0,TRUE
Apr-09,0.0,57.0,33.0,FALSE
Apr-09,0.0,69.0,40.0,FALSE
Apr-09,0.0,70.0,40.0,FALSE
Apr-09,0.0,66.0,43.0,FALSE
Apr-09,0.0,53.0,44.0,FALSE
Apr-09,0.03,58.0,43.0,TRUE
Apr-09,0.02,50.0,44.0,TRUE
Apr-09,0.06,51.0,44.0,TRUE
Apr-09,0.83,53.0,43.0,TRUE
Apr-09,0.32,48.0,37.0,TRUE
Apr-09,0.01,52.0,37.0,TRUE
Apr-09,0.0,54.0,35.0,FALSE
Apr-09,0.01,60.0,37.0,TRUE
Apr-09,0.25,60.0,43.0,TRUE
Apr-09,0.0,58.0,38.0,FALSE
Apr-09,0.0,68.0,47.0,FALSE
Apr-09,0.0,74.0,47.0,FALSE
Apr-09,0.0,71.0,48.0,FALSE
Apr-09,0.25,53.0,39.0,TRUE
Apr-09,0.06,54.0,37.0,TRUE
Apr-09,0.0,60.0,37.0,FALSE
Apr-09,0.0,53.0,41.0,FALSE
Apr-09,0.0,58.0,40.0,FALSE
Apr-09,0.0,62.0,44.0,FALSE
Apr-09,0.12,54.0,45.0,TRUE
Apr-09,0.0,59.0,44.0,FALSE
Apr-09,0.0,64.0,41.0,FALSE
May-09,0.0,73.0,45.0,FALSE
May-09,0.32,66.0,46.0,TRUE
May-09,0.01,62.0,44.0,TRUE
May-09,0.36,62.0,45.0,TRUE
May-09,0.59,56.0,47.0,TRUE
May-09,0.89,54.0,46.0,TRUE
May-09,0.0,58.0,44.0,FALSE
May-09,0.0,58.0,43.0,FALSE
May-09,0.0,64.0,44.0,FALSE
May-09,0.04,64.0,45.0,TRUE
May-09,0.03,61.0,45.0,TRUE
May-09,0.04,56.0,40.0,TRUE
May-09,0.44,52.0,42.0,TRUE
May-09,0.32,55.0,45.0,TRUE
May-09,0.0,66.0,43.0,FALSE
May-09,0.0,76.0,46.0,FALSE
May-09,0.0,75.0,50.0,FALSE
May-09,0.45,66.0,48.0,TRUE
May-09,0.12,58.0,46.0,TRUE
May-09,0.0,62.0,46.0,FALSE
May-09,0.0,67.0,45.0,FALSE
May-09,0.0,70.0,49.0,FALSE
May-09,0.0,71.0,49.0,FALSE
May-09,0.0,71.0,47.0,FALSE
May-09,0.0,69.0,47.0,FALSE
May-09,0.0,65.0,52.0,FALSE
May-09,0.0,67.0,46.0,FALSE
May-09,0.0,77.0,48.0,FALSE
May-09,0.0,83.0,55.0,FALSE
May-09,0.0,78.0,53.0,FALSE
May-09,0.0,80.0,54.0,FALSE
Jun-09,0.0,82.0,53.0,FALSE
Jun-09,0.0,88.0,61.0,FALSE
Jun-09,0.0,89.0,64.0,FALSE
Jun-09,0.0,91.0,60.0,FALSE
Jun-09,0.0,68.0,56.0,FALSE
Jun-09,0.0,63.0,55.0,FALSE
Jun-09,0.0,67.0,53.0,FALSE
Jun-09,0.0,73.0,52.0,FALSE
Jun-09,0.0,79.0,56.0,FALSE
Jun-09,0.0,75.0,54.0,FALSE
Jun-09,0.0,73.0,55.0,FALSE
Jun-09,0.0,76.0,56.0,FALSE
Jun-09,0.0,75.0,53.0,FALSE
Jun-09,0.0,63.0,54.0,FALSE
Jun-09,0.0,73.0,54.0,FALSE
Jun-09,0.0,71.0,55.0,FALSE
Jun-09,0.0,68.0,57.0,FALSE
Jun-09,0.01,72.0,56.0,TRUE
Jun-09,0.09,69.0,54.0,TRUE
Jun-09,0.0,65.0,52.0,FALSE
Jun-09,0.04,65.0,51.0,TRUE
Jun-09,0.01,68.0,51.0,TRUE
Jun-09,0.0,72.0,52.0,FALSE
Jun-09,0.0,72.0,56.0,FALSE
Jun-09,0.03,70.0,54.0,TRUE
Jun-09,0.0,69.0,52.0,FALSE
Jun-09,0.0,79.0,52.0,FALSE
Jun-09,0.0,70.0,54.0,FALSE
Jun-09,0.0,74.0,49.0,FALSE
Jun-09,0.0,75.0,51.0,FALSE
Jul-09,0.0,79.0,56.0,FALSE
Jul-09,0.0,83.0,59.0,FALSE
Jul-09,0.0,88.0,57.0,FALSE
Jul-09,0.0,87.0,57.0,FALSE
Jul-09,0.0,81.0,58.0,FALSE
Jul-09,0.0,67.0,54.0,FALSE
Jul-09,0.0,68.0,54.0,FALSE
Jul-09,0.0,65.0,53.0,FALSE
Jul-09,0.0,74.0,55.0,FALSE
Jul-09,0.0,82.0,57.0,FALSE
Jul-09,0.0,85.0,56.0,FALSE
Jul-09,0.04,65.0,56.0,TRUE
Jul-09,0.02,64.0,54.0,TRUE
Jul-09,0.0,71.0,53.0,FALSE
Jul-09,0.0,81.0,52.0,FALSE
Jul-09,0.0,87.0,59.0,FALSE
Jul-09,0.0,90.0,61.0,FALSE
Jul-09,0.0,78.0,57.0,FALSE
Jul-09,0.0,77.0,55.0,FALSE
Jul-09,0.0,81.0,59.0,FALSE
Jul-09,0.0,87.0,59.0,FALSE
Jul-09,0.0,73.0,56.0,FALSE
Jul-09,0.0,69.0,56.0,FALSE
Jul-09,0.0,79.0,55.0,FALSE
Jul-09,0.0,86.0,62.0,FALSE
Jul-09,0.0,89.0,61.0,FALSE
Jul-09,0.0,94.0,65.0,FALSE
Jul-09,0.0,97.0,69.0,FALSE
Jul-09,0.0,103.0,71.0,FALSE
Jul-09,0.0,96.0,62.0,FALSE
Jul-09,0.0,84.0,58.0,FALSE
Aug-09,0.0,90.0,57.0,FALSE
Aug-09,0.0,89.0,60.0,FALSE
Aug-09,0.0,83.0,56.0,FALSE
Aug-09,0.0,73.0,56.0,FALSE
Aug-09,0.0,68.0,55.0,FALSE
Aug-09,0.0,70.0,56.0,FALSE
Aug-09,0.0,65.0,56.0,FALSE
Aug-09,0.0,66.0,55.0,FALSE
Aug-09,0.0,76.0,59.0,FALSE
Aug-09,0.13,67.0,56.0,TRUE
Aug-09,0.32,70.0,59.0,TRUE
Aug-09,0.15,73.0,57.0,TRUE
Aug-09,0.16,65.0,55.0,TRUE
Aug-09,0.0,69.0,55.0,FALSE
Aug-09,0.0,68.0,52.0,FALSE
Aug-09,0.0,75.0,54.0,FALSE
Aug-09,0.0,82.0,58.0,FALSE
Aug-09,0.0,84.0,59.0,FALSE
Aug-09,0.0,87.0,61.0,FALSE
Aug-09,0.0,78.0,60.0,FALSE
Aug-09,0.0,69.0,58.0,FALSE
Aug-09,0.0,73.0,58.0,FALSE
Aug-09,0.0,70.0,57.0,FALSE
Aug-09,0.0,75.0,52.0,FALSE
Aug-09,0.03,71.0,54.0,TRUE
Aug-09,0.0,76.0,55.0,FALSE
Aug-09,0.0,88.0,54.0,FALSE
Aug-09,0.01,78.0,57.0,TRUE
Aug-09,0.36,71.0,59.0,TRUE
Aug-09,0.0,76.0,55.0,FALSE
Aug-09,0.0,70.0,56.0,FALSE
Sep-09,0.0,64.0,55.0,FALSE
Sep-09,0.0,76.0,54.0,FALSE
Sep-09,0.12,71.0,56.0,TRUE
Sep-09,0.0,76.0,55.0,FALSE
Sep-09,0.31,66.0,58.0,TRUE
Sep-09,0.93,62.0,52.0,TRUE
Sep-09,0.01,65.0,54.0,TRUE
Sep-09,0.0,69.0,51.0,FALSE
Sep-09,0.01,74.0,55.0,TRUE
Sep-09,0.0,73.0,57.0,FALSE
Sep-09,0.0,87.0,56.0,FALSE
Sep-09,0.0,83.0,56.0,FALSE
Sep-09,0.0,76.0,56.0,FALSE
Sep-09,0.0,70.0,58.0,FALSE
Sep-09,0.0,78.0,59.0,FALSE
Sep-09,0.01,71.0,59.0,TRUE
Sep-09,0.0,70.0,57.0,FALSE
Sep-09,0.0,80.0,54.0,FALSE
Sep-09,0.29,67.0,57.0,TRUE
Sep-09,0.0,67.0,50.0,FALSE
Sep-09,0.0,76.0,49.0,FALSE
Sep-09,0.0,87.0,53.0,FALSE
Sep-09,0.0,81.0,55.0,FALSE
Sep-09,0.0,67.0,51.0,FALSE
Sep-09,0.0,72.0,49.0,FALSE
Sep-09,0.0,70.0,50.0,FALSE
Sep-09,0.0,68.0,48.0,FALSE
Sep-09,0.0,63.0,45.0,FALSE
Sep-09,0.07,59.0,46.0,TRUE
Sep-09,0.0,59.0,42.0,FALSE
Oct-09,0.08,62.0,51.0,TRUE
Oct-09,0.14,58.0,47.0,TRUE
Oct-09,0.0,57.0,44.0,FALSE
Oct-09,0.0,65.0,48.0,FALSE
Oct-09,0.0,66.0,43.0,FALSE
Oct-09,0.0,65.0,42.0,FALSE
Oct-09,0.0,63.0,44.0,FALSE
Oct-09,0.0,63.0,44.0,FALSE
Oct-09,0.0,62.0,48.0,FALSE
Oct-09,0.0,58.0,45.0,FALSE
Oct-09,0.0,58.0,41.0,FALSE
Oct-09,0.0,51.0,42.0,FALSE
Oct-09,0.17,59.0,48.0,TRUE
Oct-09,0.51,60.0,50.0,TRUE
Oct-09,0.07,64.0,49.0,TRUE
Oct-09,0.78,61.0,55.0,TRUE
Oct-09,1.24,65.0,55.0,TRUE
Oct-09,0.09,61.0,52.0,TRUE
Oct-09,0.0,56.0,47.0,FALSE
Oct-09,0.0,56.0,43.0,FALSE
Oct-09,0.16,62.0,50.0,TRUE
Oct-09,0.02,55.0,49.0,TRUE
Oct-09,0.41,58.0,48.0,TRUE
Oct-09,0.0,57.0,42.0,FALSE
Oct-09,0.06,48.0,38.0,TRUE
Oct-09,1.21,52.0,41.0,TRUE
Oct-09,0.0,55.0,38.0,FALSE
Oct-09,0.08,46.0,39.0,TRUE
Oct-09,0.25,55.0,42.0,TRUE
Oct-09,0.23,60.0,54.0,TRUE
Oct-09,0.04,57.0,45.0,TRUE
Nov-09,0.0,54.0,41.0,FALSE
Nov-09,0.01,54.0,39.0,TRUE
Nov-09,0.0,55.0,41.0,FALSE
Nov-09,0.0,63.0,40.0,FALSE
Nov-09,0.38,61.0,47.0,TRUE
Nov-09,1.21,50.0,42.0,TRUE
Nov-09,0.86,47.0,40.0,TRUE
Nov-09,0.07,51.0,41.0,TRUE
Nov-09,0.37,54.0,45.0,TRUE
Nov-09,0.32,52.0,44.0,TRUE
Nov-09,0.05,50.0,39.0,TRUE
Nov-09,0.0,49.0,36.0,FALSE
Nov-09,0.19,49.0,34.0,TRUE
Nov-09,0.0,44.0,32.0,FALSE
Nov-09,0.36,54.0,40.0,TRUE
Nov-09,0.77,56.0,50.0,TRUE
Nov-09,0.44,51.0,40.0,TRUE
Nov-09,0.13,49.0,38.0,TRUE
Nov-09,0.7,57.0,45.0,TRUE
Nov-09,0.29,57.0,41.0,TRUE
Nov-09,0.31,47.0,39.0,TRUE
Nov-09,0.55,48.0,42.0,TRUE
Nov-09,0.05,51.0,43.0,TRUE
Nov-09,0.2,51.0,45.0,TRUE
Nov-09,0.16,54.0,42.0,TRUE
Nov-09,1.34,50.0,45.0,TRUE
Nov-09,0.0,48.0,38.0,FALSE
Nov-09,0.0,50.0,39.0,FALSE
Nov-09,0.0,52.0,47.0,FALSE
Nov-09,0.2,51.0,43.0,TRUE
Dec-09,0.0,47.0,35.0,FALSE
Dec-09,0.0,46.0,33.0,FALSE
Dec-09,0.0,45.0,30.0,FALSE
Dec-09,0.04,38.0,30.0,TRUE
Dec-09,0.0,42.0,28.0,FALSE
Dec-09,0.0,35.0,27.0,FALSE
Dec-09,0.0,30.0,23.0,FALSE
Dec-09,0.0,32.0,21.0,FALSE
Dec-09,0.0,32.0,18.0,FALSE
Dec-09,0.0,36.0,16.0,FALSE
Dec-09,0.0,38.0,21.0,FALSE
Dec-09,0.0,39.0,23.0,FALSE
Dec-09,0.0,38.0,30.0,FALSE
Dec-09,0.5,42.0,36.0,TRUE
Dec-09,0.29,48.0,38.0,TRUE
Dec-09,0.43,53.0,45.0,TRUE
Dec-09,0.06,50.0,43.0,TRUE
Dec-09,0.02,52.0,41.0,TRUE
Dec-09,0.41,48.0,44.0,TRUE
Dec-09,0.08,57.0,45.0,TRUE
Dec-09,0.55,52.0,38.0,TRUE
Dec-09,0.02,40.0,34.0,TRUE
Dec-09,0.0,43.0,34.0,FALSE
Dec-09,0.0,43.0,31.0,FALSE
Dec-09,0.0,45.0,30.0,FALSE
Dec-09,0.0,53.0,33.0,FALSE
Dec-09,0.0,44.0,28.0,FALSE
Dec-09,0.0,49.0,35.0,FALSE
Dec-09,0.06,43.0,30.0,TRUE
Dec-09,0.02,46.0,36.0,TRUE
Dec-09,0.27,49.0,39.0,TRUE
Jan-10,0.4,52.0,45.0,TRUE
Jan-10,0.06,47.0,43.0,TRUE
Jan-10,0.03,48.0,39.0,TRUE
Jan-10,0.98,49.0,44.0,TRUE
Jan-10,0.14,50.0,44.0,TRUE
Jan-10,0.0,50.0,42.0,FALSE
Jan-10,0.04,48.0,40.0,TRUE
Jan-10,0.81,46.0,39.0,TRUE
Jan-10,0.08,54.0,43.0,TRUE
Jan-10,0.09,55.0,44.0,TRUE
Jan-10,1.07,57.0,45.0,TRUE
Jan-10,0.53,53.0,47.0,TRUE
Jan-10,0.27,56.0,46.0,TRUE
Jan-10,0.28,48.0,45.0,TRUE
Jan-10,0.42,51.0,44.0,TRUE
Jan-10,0.02,45.0,37.0,TRUE
Jan-10,0.15,52.0,42.0,TRUE
Jan-10,0.0,59.0,49.0,FALSE
Jan-10,0.01,60.0,48.0,TRUE
Jan-10,0.0,57.0,42.0,FALSE
Jan-10,0.0,56.0,45.0,FALSE
Jan-10,0.0,48.0,40.0,FALSE
Jan-10,0.09,49.0,40.0,TRUE
Jan-10,0.36,46.0,37.0,TRUE
Jan-10,0.06,54.0,41.0,TRUE
Jan-10,0.0,48.0,38.0,FALSE
Jan-10,0.0,49.0,35.0,FALSE
Jan-10,0.0,55.0,41.0,FALSE
Jan-10,0.02,56.0,44.0,TRUE
Jan-10,0.18,48.0,43.0,TRUE
Jan-10,0.08,49.0,45.0,TRUE
Feb-10,0.08,49.0,40.0,TRUE
Feb-10,0.01,54.0,40.0,TRUE
Feb-10,0.31,50.0,41.0,TRUE
Feb-10,0.08,57.0,41.0,TRUE
Feb-10,0.07,58.0,45.0,TRUE
Feb-10,0.13,56.0,43.0,TRUE
Feb-10,0.15,49.0,44.0,TRUE
Feb-10,0.0,49.0,41.0,FALSE
Feb-10,0.0,46.0,36.0,FALSE
Feb-10,0.11,44.0,31.0,TRUE
Feb-10,0.24,54.0,43.0,TRUE
Feb-10,0.38,54.0,43.0,TRUE
Feb-10,0.2,52.0,45.0,TRUE
Feb-10,0.42,53.0,42.0,TRUE
Feb-10,0.07,55.0,37.0,TRUE
Feb-10,0.21,54.0,43.0,TRUE
Feb-10,0.0,51.0,39.0,FALSE
Feb-10,0.0,59.0,39.0,FALSE
Feb-10,0.0,59.0,39.0,FALSE
Feb-10,0.0,57.0,35.0,FALSE
Feb-10,0.0,57.0,36.0,FALSE
Feb-10,0.0,54.0,33.0,FALSE
Feb-10,0.16,48.0,37.0,TRUE
Feb-10,0.33,51.0,42.0,TRUE
Feb-10,0.05,54.0,44.0,TRUE
Feb-10,0.44,52.0,46.0,TRUE
Feb-10,0.08,54.0,46.0,TRUE
Feb-10,0.0,56.0,43.0,FALSE
Mar-10,0.0,57.0,42.0,FALSE
Mar-10,0.09,56.0,46.0,TRUE
Mar-10,0.0,55.0,41.0,FALSE
Mar-10,0.05,53.0,42.0,TRUE
Mar-10,0.0,57.0,37.0,FALSE
Mar-10,0.0,59.0,37.0,FALSE
Mar-10,0.06,52.0,37.0,TRUE
Mar-10,0.08,41.0,32.0,TRUE
Mar-10,0.0,48.0,28.0,FALSE
Mar-10,0.07,50.0,37.0,TRUE
Mar-10,0.38,46.0,40.0,TRUE
Mar-10,0.67,49.0,39.0,TRUE
Mar-10,0.02,49.0,38.0,TRUE
Mar-10,0.0,53.0,35.0,FALSE
Mar-10,0.0,65.0,42.0,FALSE
Mar-10,0.08,57.0,43.0,TRUE
Mar-10,0.01,52.0,40.0,TRUE
Mar-10,0.0,52.0,38.0,FALSE
Mar-10,0.0,61.0,37.0,FALSE
Mar-10,0.0,67.0,37.0,FALSE
Mar-10,0.01,56.0,45.0,TRUE
Mar-10,0.0,55.0,42.0,FALSE
Mar-10,0.0,57.0,40.0,FALSE
Mar-10,0.0,68.0,42.0,FALSE
Mar-10,0.62,53.0,45.0,TRUE
Mar-10,0.0,54.0,42.0,FALSE
Mar-10,0.0,61.0,43.0,FALSE
Mar-10,0.47,56.0,46.0,TRUE
Mar-10,0.92,50.0,40.0,TRUE
Mar-10,0.23,48.0,38.0,TRUE
Mar-10,0.0,51.0,37.0,FALSE
Apr-10,0.04,50.0,40.0,TRUE
Apr-10,0.75,50.0,37.0,TRUE
Apr-10,0.17,47.0,37.0,TRUE
Apr-10,0.11,53.0,40.0,TRUE
Apr-10,0.1,51.0,39.0,TRUE
Apr-10,0.0,52.0,41.0,FALSE
Apr-10,0.15,51.0,43.0,TRUE
Apr-10,0.01,50.0,39.0,TRUE
Apr-10,0.0,51.0,38.0,FALSE
Apr-10,0.0,57.0,34.0,FALSE
Apr-10,0.0,60.0,44.0,FALSE
Apr-10,0.0,56.0,47.0,FALSE
Apr-10,0.16,57.0,42.0,TRUE
Apr-10,0.0,60.0,39.0,FALSE
Apr-10,0.02,60.0,42.0,TRUE
Apr-10,0.03,66.0,45.0,TRUE
Apr-10,0.25,61.0,50.0,TRUE
Apr-10,0.0,70.0,46.0,FALSE
Apr-10,0.0,69.0,50.0,FALSE
Apr-10,0.06,56.0,47.0,TRUE
Apr-10,0.87,51.0,43.0,TRUE
Apr-10,0.0,55.0,42.0,FALSE
Apr-10,0.05,58.0,44.0,TRUE
Apr-10,0.08,54.0,43.0,TRUE
Apr-10,0.0,58.0,40.0,FALSE
Apr-10,0.18,65.0,48.0,TRUE
Apr-10,0.29,55.0,44.0,TRUE
Apr-10,0.13,56.0,43.0,TRUE
Apr-10,0.0,58.0,43.0,FALSE
Apr-10,0.04,58.0,44.0,TRUE
May-10,0.01,56.0,44.0,TRUE
May-10,0.32,53.0,45.0,TRUE
May-10,0.03,54.0,41.0,TRUE
May-10,0.08,53.0,40.0,TRUE
May-10,0.1,48.0,40.0,TRUE
May-10,0.0,61.0,42.0,FALSE
May-10,0.0,65.0,43.0,FALSE
May-10,0.0,65.0,42.0,FALSE
May-10,0.0,67.0,42.0,FALSE
May-10,0.18,55.0,45.0,TRUE
May-10,0.0,62.0,46.0,FALSE
May-10,0.0,62.0,47.0,FALSE
May-10,0.0,69.0,44.0,FALSE
May-10,0.0,72.0,48.0,FALSE
May-10,0.0,71.0,47.0,FALSE
May-10,0.02,71.0,53.0,TRUE
May-10,0.01,71.0,52.0,TRUE
May-10,0.14,63.0,50.0,TRUE
May-10,0.26,68.0,46.0,TRUE
May-10,0.21,56.0,44.0,TRUE
May-10,0.1,55.0,45.0,TRUE
May-10,0.01,61.0,45.0,TRUE
May-10,0.03,57.0,45.0,TRUE
May-10,0.0,62.0,42.0,FALSE
May-10,0.06,61.0,50.0,TRUE
May-10,0.23,57.0,47.0,TRUE
May-10,0.11,60.0,47.0,TRUE
May-10,0.45,53.0,50.0,TRUE
May-10,0.06,54.0,45.0,TRUE
May-10,0.11,59.0,42.0,TRUE
May-10,0.31,65.0,52.0,TRUE
Jun-10,0.15,62.0,49.0,TRUE
Jun-10,0.37,62.0,49.0,TRUE
Jun-10,0.03,63.0,46.0,TRUE
Jun-10,0.18,61.0,49.0,TRUE
Jun-10,0.0,69.0,49.0,FALSE
Jun-10,0.33,62.0,54.0,TRUE
Jun-10,0.01,65.0,53.0,TRUE
Jun-10,0.25,69.0,50.0,TRUE
Jun-10,0.25,62.0,51.0,TRUE
Jun-10,0.18,63.0,51.0,TRUE
Jun-10,0.1,64.0,50.0,TRUE
Jun-10,0.0,74.0,49.0,FALSE
Jun-10,0.0,70.0,52.0,FALSE
Jun-10,0.0,65.0,50.0,FALSE
Jun-10,0.19,61.0,47.0,TRUE
Jun-10,0.18,60.0,48.0,TRUE
Jun-10,0.0,62.0,51.0,FALSE
Jun-10,0.0,69.0,52.0,FALSE
Jun-10,0.06,57.0,53.0,TRUE
Jun-10,0.21,56.0,52.0,TRUE
Jun-10,0.0,63.0,51.0,FALSE
Jun-10,0.0,74.0,50.0,FALSE
Jun-10,0.0,77.0,57.0,FALSE
Jun-10,0.0,74.0,54.0,FALSE
Jun-10,0.0,64.0,55.0,FALSE
Jun-10,0.0,68.0,53.0,FALSE
Jun-10,0.0,70.0,51.0,FALSE
Jun-10,0.0,71.0,53.0,FALSE
Jun-10,0.0,67.0,51.0,FALSE
Jun-10,0.0,65.0,50.0,FALSE
Jul-10,0.01,62.0,52.0,TRUE
Jul-10,0.18,65.0,53.0,TRUE
Jul-10,0.0,68.0,52.0,FALSE
Jul-10,0.11,65.0,52.0,TRUE
Jul-10,0.0,65.0,51.0,FALSE
Jul-10,0.0,78.0,51.0,FALSE
Jul-10,0.0,90.0,59.0,FALSE
Jul-10,0.0,95.0,63.0,FALSE
Jul-10,0.0,93.0,62.0,FALSE
Jul-10,0.0,81.0,62.0,FALSE
Jul-10,0.0,74.0,57.0,FALSE
Jul-10,0.0,67.0,54.0,FALSE
Jul-10,0.0,70.0,50.0,FALSE
Jul-10,0.0,80.0,53.0,FALSE
Jul-10,0.0,80.0,57.0,FALSE
Jul-10,0.0,69.0,52.0,FALSE
Jul-10,0.0,70.0,51.0,FALSE
Jul-10,0.0,65.0,52.0,FALSE
Jul-10,0.0,68.0,53.0,FALSE
Jul-10,0.0,72.0,52.0,FALSE
Jul-10,0.0,80.0,52.0,FALSE
Jul-10,0.01,65.0,54.0,TRUE
Jul-10,0.0,79.0,51.0,FALSE
Jul-10,0.0,84.0,55.0,FALSE
Jul-10,0.0,86.0,57.0,FALSE
Jul-10,0.0,85.0,57.0,FALSE
Jul-10,0.0,78.0,53.0,FALSE
Jul-10,0.0,73.0,53.0,FALSE
Jul-10,0.0,69.0,54.0,FALSE
Jul-10,0.0,76.0,53.0,FALSE
Jul-10,0.0,69.0,53.0,FALSE
Aug-10,0.0,69.0,55.0,FALSE
Aug-10,0.0,73.0,54.0,FALSE
Aug-10,0.0,76.0,54.0,FALSE
Aug-10,0.0,82.0,56.0,FALSE
Aug-10,0.02,83.0,58.0,TRUE
Aug-10,0.0,67.0,56.0,FALSE
Aug-10,0.19,66.0,56.0,TRUE
Aug-10,0.03,70.0,56.0,TRUE
Aug-10,0.0,67.0,56.0,FALSE
Aug-10,0.0,70.0,54.0,FALSE
Aug-10,0.0,77.0,55.0,FALSE
Aug-10,0.0,77.0,54.0,FALSE
Aug-10,0.0,86.0,59.0,FALSE
Aug-10,0.0,95.0,66.0,FALSE
Aug-10,0.0,96.0,64.0,FALSE
Aug-10,0.0,91.0,58.0,FALSE
Aug-10,0.0,89.0,57.0,FALSE
Aug-10,0.0,70.0,57.0,FALSE
Aug-10,0.0,69.0,54.0,FALSE
Aug-10,0.0,69.0,52.0,FALSE
Aug-10,0.01,71.0,52.0,TRUE
Aug-10,0.0,69.0,56.0,FALSE
Aug-10,0.0,75.0,52.0,FALSE
Aug-10,0.0,84.0,54.0,FALSE
Aug-10,0.0,86.0,59.0,FALSE
Aug-10,0.0,69.0,55.0,FALSE
Aug-10,0.0,70.0,55.0,FALSE
Aug-10,0.0,69.0,52.0,FALSE
Aug-10,0.0,66.0,50.0,FALSE
Aug-10,0.0,71.0,53.0,FALSE
Aug-10,0.39,59.0,53.0,TRUE
Sep-10,0.0,71.0,57.0,FALSE
Sep-10,0.0,77.0,52.0,FALSE
Sep-10,0.0,84.0,55.0,FALSE
Sep-10,0.01,67.0,53.0,TRUE
Sep-10,0.0,65.0,53.0,FALSE
Sep-10,0.12,61.0,51.0,TRUE
Sep-10,0.26,68.0,55.0,TRUE
Sep-10,0.31,59.0,54.0,TRUE
Sep-10,0.03,62.0,54.0,TRUE
Sep-10,0.0,63.0,54.0,FALSE
Sep-10,0.0,65.0,53.0,FALSE
Sep-10,0.0,70.0,56.0,FALSE
Sep-10,0.0,69.0,56.0,FALSE
Sep-10,0.0,69.0,56.0,FALSE
Sep-10,0.14,67.0,54.0,TRUE
Sep-10,0.6,67.0,59.0,TRUE
Sep-10,1.49,64.0,57.0,TRUE
Sep-10,0.78,72.0,59.0,TRUE
Sep-10,0.36,66.0,58.0,TRUE
Sep-10,0.02,64.0,54.0,TRUE
Sep-10,0.0,65.0,50.0,FALSE
Sep-10,0.0,66.0,48.0,FALSE
Sep-10,0.26,58.0,52.0,TRUE
Sep-10,0.0,67.0,53.0,FALSE
Sep-10,0.0,75.0,51.0,FALSE
Sep-10,0.39,65.0,59.0,TRUE
Sep-10,0.03,71.0,62.0,TRUE
Sep-10,0.0,67.0,54.0,FALSE
Sep-10,0.0,65.0,52.0,FALSE
Sep-10,0.0,71.0,52.0,FALSE
Oct-10,0.0,64.0,51.0,FALSE
Oct-10,0.0,65.0,54.0,FALSE
Oct-10,0.0,60.0,53.0,FALSE
Oct-10,0.0,60.0,49.0,FALSE
Oct-10,0.0,63.0,45.0,FALSE
Oct-10,0.0,68.0,48.0,FALSE
Oct-10,0.0,62.0,50.0,FALSE
Oct-10,0.12,66.0,55.0,TRUE
Oct-10,1.21,63.0,56.0,TRUE
Oct-10,0.74,63.0,51.0,TRUE
Oct-10,0.0,60.0,45.0,FALSE
Oct-10,0.0,63.0,44.0,FALSE
Oct-10,0.0,65.0,45.0,FALSE
Oct-10,0.12,60.0,47.0,TRUE
Oct-10,0.0,57.0,45.0,FALSE
Oct-10,0.0,57.0,42.0,FALSE
Oct-10,0.0,58.0,37.0,FALSE
Oct-10,0.0,59.0,42.0,FALSE
Oct-10,0.0,64.0,42.0,FALSE
Oct-10,0.0,65.0,44.0,FALSE
Oct-10,0.0,59.0,45.0,FALSE
Oct-10,0.05,59.0,50.0,TRUE
Oct-10,0.38,59.0,49.0,TRUE
Oct-10,0.72,52.0,47.0,TRUE
Oct-10,1.08,51.0,44.0,TRUE
Oct-10,0.19,48.0,44.0,TRUE
Oct-10,0.0,61.0,44.0,FALSE
Oct-10,0.07,58.0,50.0,TRUE
Oct-10,0.01,58.0,46.0,TRUE
Oct-10,0.39,51.0,39.0,TRUE
Oct-10,0.16,56.0,47.0,TRUE
Nov-10,1.56,58.0,49.0,TRUE
Nov-10,0.02,63.0,48.0,TRUE
Nov-10,0.0,74.0,46.0,FALSE
Nov-10,0.0,65.0,47.0,FALSE
Nov-10,0.17,55.0,47.0,TRUE
Nov-10,0.7,54.0,47.0,TRUE
Nov-10,0.06,55.0,44.0,TRUE
Nov-10,0.0,51.0,41.0,FALSE
Nov-10,0.22,46.0,40.0,TRUE
Nov-10,0.0,51.0,38.0,FALSE
Nov-10,0.13,48.0,37.0,TRUE
Nov-10,0.0,50.0,38.0,FALSE
Nov-10,0.12,48.0,42.0,TRUE
Nov-10,0.27,52.0,46.0,TRUE
Nov-10,0.14,56.0,48.0,TRUE
Nov-10,0.0,52.0,46.0,FALSE
Nov-10,0.17,50.0,40.0,TRUE
Nov-10,0.2,44.0,35.0,TRUE
Nov-10,0.06,48.0,39.0,TRUE
Nov-10,0.0,44.0,33.0,FALSE
Nov-10,0.01,37.0,31.0,TRUE
Nov-10,0.15,32.0,22.0,TRUE
Nov-10,0.0,25.0,16.0,FALSE
Nov-10,0.0,29.0,14.0,FALSE
Nov-10,0.01,39.0,28.0,TRUE
Nov-10,0.29,47.0,36.0,TRUE
Nov-10,0.01,41.0,33.0,TRUE
Nov-10,0.02,42.0,35.0,TRUE
Nov-10,0.1,44.0,36.0,TRUE
Nov-10,0.64,48.0,39.0,TRUE
Dec-10,0.0,46.0,38.0,FALSE
Dec-10,0.0,42.0,36.0,FALSE
Dec-10,0.0,48.0,37.0,FALSE
Dec-10,0.0,49.0,34.0,FALSE
Dec-10,0.0,50.0,36.0,FALSE
Dec-10,0.01,49.0,38.0,TRUE
Dec-10,0.35,54.0,45.0,TRUE
Dec-10,0.51,54.0,45.0,TRUE
Dec-10,0.89,49.0,43.0,TRUE
Dec-10,0.0,49.0,41.0,FALSE
Dec-10,1.42,51.0,39.0,TRUE
Dec-10,2.19,55.0,50.0,TRUE
Dec-10,0.46,54.0,47.0,TRUE
Dec-10,0.82,49.0,37.0,TRUE
Dec-10,0.11,47.0,38.0,TRUE
Dec-10,0.02,47.0,37.0,TRUE
Dec-10,0.0,49.0,40.0,FALSE
Dec-10,0.08,48.0,37.0,TRUE
Dec-10,0.14,47.0,36.0,TRUE
Dec-10,0.03,43.0,36.0,TRUE
Dec-10,0.01,51.0,42.0,TRUE
Dec-10,0.01,50.0,39.0,TRUE
Dec-10,0.25,48.0,39.0,TRUE
Dec-10,0.44,51.0,45.0,TRUE
Dec-10,0.32,54.0,44.0,TRUE
Dec-10,0.09,46.0,38.0,TRUE
Dec-10,0.44,44.0,38.0,TRUE
Dec-10,0.01,48.0,38.0,TRUE
Dec-10,0.09,39.0,33.0,TRUE
Dec-10,0.0,36.0,25.0,FALSE
Dec-10,0.0,37.0,21.0,FALSE
Jan-11,0.0,40.0,26.0,FALSE
Jan-11,0.0,39.0,25.0,FALSE
Jan-11,0.0,42.0,27.0,FALSE
Jan-11,0.03,38.0,28.0,TRUE
Jan-11,0.12,45.0,35.0,TRUE
Jan-11,0.17,49.0,44.0,TRUE
Jan-11,0.37,48.0,37.0,TRUE
Jan-11,0.03,40.0,34.0,TRUE
Jan-11,0.02,39.0,31.0,TRUE
Jan-11,0.0,38.0,30.0,FALSE
Jan-11,0.3,39.0,30.0,TRUE
Jan-11,0.81,47.0,33.0,TRUE
Jan-11,0.82,53.0,43.0,TRUE
Jan-11,0.29,54.0,49.0,TRUE
Jan-11,0.45,52.0,47.0,TRUE
Jan-11,0.27,55.0,50.0,TRUE
Jan-11,0.04,50.0,42.0,TRUE
Jan-11,0.08,42.0,37.0,TRUE
Jan-11,0.0,45.0,35.0,FALSE
Jan-11,0.05,44.0,33.0,TRUE
Jan-11,0.51,49.0,44.0,TRUE
Jan-11,0.0,49.0,40.0,FALSE
Jan-11,0.04,46.0,41.0,TRUE
Jan-11,0.21,48.0,44.0,TRUE
Jan-11,0.0,50.0,43.0,FALSE
Jan-11,0.0,54.0,39.0,FALSE
Jan-11,0.0,50.0,37.0,FALSE
Jan-11,0.14,52.0,39.0,TRUE
Jan-11,0.24,48.0,43.0,TRUE
Jan-11,0.0,44.0,37.0,FALSE
Jan-11,0.0,44.0,34.0,FALSE
Feb-11,0.0,46.0,32.0,FALSE
Feb-11,0.0,51.0,29.0,FALSE
Feb-11,0.01,49.0,39.0,TRUE
Feb-11,0.07,50.0,45.0,TRUE
Feb-11,0.08,47.0,43.0,TRUE
Feb-11,0.25,50.0,43.0,TRUE
Feb-11,0.05,48.0,39.0,TRUE
Feb-11,0.0,46.0,35.0,FALSE
Feb-11,0.0,45.0,28.0,FALSE
Feb-11,0.0,47.0,29.0,FALSE
Feb-11,0.0,47.0,35.0,FALSE
Feb-11,0.37,54.0,40.0,TRUE
Feb-11,0.24,52.0,41.0,TRUE
Feb-11,0.54,50.0,40.0,TRUE
Feb-11,0.09,46.0,37.0,TRUE
Feb-11,0.04,44.0,34.0,TRUE
Feb-11,0.11,44.0,34.0,TRUE
Feb-11,0.0,49.0,32.0,FALSE
Feb-11,0.0,43.0,32.0,FALSE
Feb-11,0.0,45.0,27.0,FALSE
Feb-11,0.03,45.0,34.0,TRUE
Feb-11,0.04,44.0,32.0,TRUE
Feb-11,0.24,37.0,27.0,TRUE
Feb-11,0.0,35.0,24.0,FALSE
Feb-11,0.0,31.0,20.0,FALSE
Feb-11,0.0,34.0,19.0,FALSE
Feb-11,0.47,42.0,33.0,TRUE
Feb-11,0.42,40.0,34.0,TRUE
Mar-11,0.24,44.0,34.0,TRUE
Mar-11,0.07,50.0,36.0,TRUE
Mar-11,0.22,48.0,36.0,TRUE
Mar-11,0.12,49.0,33.0,TRUE
Mar-11,0.02,50.0,38.0,TRUE
Mar-11,0.0,47.0,34.0,FALSE
Mar-11,0.0,48.0,36.0,FALSE
Mar-11,0.16,52.0,38.0,TRUE
Mar-11,1.47,52.0,42.0,TRUE
Mar-11,0.55,53.0,39.0,TRUE
Mar-11,0.0,53.0,38.0,FALSE
Mar-11,0.41,48.0,42.0,TRUE
Mar-11,0.33,53.0,43.0,TRUE
Mar-11,0.12,53.0,44.0,TRUE
Mar-11,0.37,55.0,42.0,TRUE
Mar-11,0.09,48.0,38.0,TRUE
Mar-11,0.0,51.0,37.0,FALSE
Mar-11,0.27,50.0,38.0,TRUE
Mar-11,0.0,54.0,36.0,FALSE
Mar-11,0.01,50.0,37.0,TRUE
Mar-11,0.01,50.0,40.0,TRUE
Mar-11,0.0,51.0,37.0,FALSE
Mar-11,0.0,62.0,34.0,FALSE
Mar-11,0.23,61.0,41.0,TRUE
Mar-11,0.33,55.0,39.0,TRUE
Mar-11,0.15,50.0,37.0,TRUE
Mar-11,0.28,51.0,39.0,TRUE
Mar-11,0.14,51.0,41.0,TRUE
Mar-11,0.12,49.0,43.0,TRUE
Mar-11,0.26,51.0,48.0,TRUE
Mar-11,0.32,54.0,46.0,TRUE
Apr-11,1.13,48.0,41.0,TRUE
Apr-11,0.37,48.0,39.0,TRUE
Apr-11,0.06,49.0,38.0,TRUE
Apr-11,0.24,47.0,41.0,TRUE
Apr-11,0.23,46.0,41.0,TRUE
Apr-11,0.12,48.0,34.0,TRUE
Apr-11,0.08,49.0,33.0,TRUE
Apr-11,0.0,54.0,34.0,FALSE
Apr-11,0.01,55.0,42.0,TRUE
Apr-11,0.16,55.0,44.0,TRUE
Apr-11,0.0,51.0,38.0,FALSE
Apr-11,0.0,53.0,35.0,FALSE
Apr-11,0.17,48.0,40.0,TRUE
Apr-11,0.4,47.0,39.0,TRUE
Apr-11,0.09,53.0,38.0,TRUE
Apr-11,0.06,53.0,42.0,TRUE
Apr-11,0.01,52.0,36.0,TRUE
Apr-11,0.01,51.0,36.0,TRUE
Apr-11,0.0,53.0,36.0,FALSE
Apr-11,0.0,54.0,36.0,FALSE
Apr-11,0.0,53.0,38.0,FALSE
Apr-11,0.0,57.0,38.0,FALSE
Apr-11,0.0,66.0,38.0,FALSE
Apr-11,0.18,55.0,45.0,TRUE
Apr-11,0.52,52.0,43.0,TRUE
Apr-11,0.01,57.0,42.0,TRUE
Apr-11,0.45,52.0,37.0,TRUE
Apr-11,0.04,51.0,39.0,TRUE
Apr-11,0.0,54.0,39.0,FALSE
Apr-11,0.13,56.0,43.0,TRUE
May-11,0.0,62.0,39.0,FALSE
May-11,0.18,53.0,44.0,TRUE
May-11,0.0,58.0,44.0,FALSE
May-11,0.0,62.0,42.0,FALSE
May-11,0.03,57.0,45.0,TRUE
May-11,0.13,54.0,46.0,TRUE
May-11,0.04,56.0,45.0,TRUE
May-11,0.02,58.0,44.0,TRUE
May-11,0.0,57.0,47.0,FALSE
May-11,0.0,59.0,47.0,FALSE
May-11,0.42,51.0,42.0,TRUE
May-11,0.0,60.0,38.0,FALSE
May-11,0.0,64.0,41.0,FALSE
May-11,0.97,66.0,48.0,TRUE
May-11,0.81,51.0,47.0,TRUE
May-11,0.0,56.0,43.0,FALSE
May-11,0.0,64.0,39.0,FALSE
May-11,0.0,66.0,46.0,FALSE
May-11,0.0,68.0,43.0,FALSE
May-11,0.0,70.0,45.0,FALSE
May-11,0.04,54.0,48.0,TRUE
May-11,0.0,60.0,48.0,FALSE
May-11,0.0,63.0,44.0,FALSE
May-11,0.0,65.0,47.0,FALSE
May-11,0.41,56.0,47.0,TRUE
May-11,0.01,61.0,45.0,TRUE
May-11,0.02,58.0,46.0,TRUE
May-11,0.01,62.0,45.0,TRUE
May-11,0.0,59.0,50.0,FALSE
May-11,0.0,61.0,49.0,FALSE
May-11,0.11,61.0,48.0,TRUE
Jun-11,0.17,59.0,50.0,TRUE
Jun-11,0.08,61.0,49.0,TRUE
Jun-11,0.0,68.0,48.0,FALSE
Jun-11,0.0,78.0,50.0,FALSE
Jun-11,0.0,71.0,54.0,FALSE
Jun-11,0.0,72.0,52.0,FALSE
Jun-11,0.21,64.0,50.0,TRUE
Jun-11,0.0,62.0,49.0,FALSE
Jun-11,0.0,69.0,50.0,FALSE
Jun-11,0.0,65.0,53.0,FALSE
Jun-11,0.0,66.0,52.0,FALSE
Jun-11,0.01,70.0,48.0,TRUE
Jun-11,0.11,68.0,52.0,TRUE
Jun-11,0.0,63.0,51.0,FALSE
Jun-11,0.06,65.0,48.0,TRUE
Jun-11,0.0,70.0,46.0,FALSE
Jun-11,0.0,71.0,46.0,FALSE
Jun-11,0.41,58.0,53.0,TRUE
Jun-11,0.03,63.0,51.0,TRUE
Jun-11,0.0,70.0,54.0,FALSE
Jun-11,0.0,78.0,54.0,FALSE
Jun-11,0.0,67.0,52.0,FALSE
Jun-11,0.07,66.0,50.0,TRUE
Jun-11,0.26,67.0,51.0,TRUE
Jun-11,0.01,68.0,51.0,TRUE
Jun-11,0.0,72.0,48.0,FALSE
Jun-11,0.0,69.0,58.0,FALSE
Jun-11,0.0,74.0,58.0,FALSE
Jun-11,0.0,67.0,54.0,FALSE
Jun-11,0.0,67.0,53.0,FALSE
Jul-11,0.0,72.0,49.0,FALSE
Jul-11,0.0,82.0,52.0,FALSE
Jul-11,0.0,72.0,56.0,FALSE
Jul-11,0.0,78.0,51.0,FALSE
Jul-11,0.0,81.0,51.0,FALSE
Jul-11,0.0,84.0,57.0,FALSE
Jul-11,0.03,67.0,54.0,TRUE
Jul-11,0.0,71.0,51.0,FALSE
Jul-11,0.0,74.0,52.0,FALSE
Jul-11,0.0,76.0,55.0,FALSE
Jul-11,0.0,75.0,55.0,FALSE
Jul-11,0.08,70.0,57.0,TRUE
Jul-11,0.0,73.0,55.0,FALSE
Jul-11,0.02,62.0,56.0,TRUE
Jul-11,0.02,76.0,56.0,TRUE
Jul-11,0.35,74.0,57.0,TRUE
Jul-11,0.07,63.0,55.0,TRUE
Jul-11,0.0,74.0,50.0,FALSE
Jul-11,0.0,70.0,55.0,FALSE
Jul-11,0.0,74.0,54.0,FALSE
Jul-11,0.0,70.0,57.0,FALSE
Jul-11,0.0,72.0,51.0,FALSE
Jul-11,0.0,79.0,54.0,FALSE
Jul-11,0.0,83.0,58.0,FALSE
Jul-11,0.13,63.0,57.0,TRUE
Jul-11,0.0,70.0,57.0,FALSE
Jul-11,0.0,72.0,57.0,FALSE
Jul-11,0.0,78.0,54.0,FALSE
Jul-11,0.0,76.0,60.0,FALSE
Jul-11,0.0,79.0,56.0,FALSE
Jul-11,0.0,71.0,58.0,FALSE
Aug-11,0.0,77.0,54.0,FALSE
Aug-11,0.0,77.0,55.0,FALSE
Aug-11,0.0,79.0,58.0,FALSE
Aug-11,0.0,81.0,57.0,FALSE
Aug-11,0.0,66.0,57.0,FALSE
Aug-11,0.0,73.0,58.0,FALSE
Aug-11,0.0,74.0,56.0,FALSE
Aug-11,0.0,70.0,54.0,FALSE
Aug-11,0.0,70.0,55.0,FALSE
Aug-11,0.0,71.0,55.0,FALSE
Aug-11,0.0,74.0,54.0,FALSE
Aug-11,0.0,76.0,52.0,FALSE
Aug-11,0.0,70.0,53.0,FALSE
Aug-11,0.0,71.0,55.0,FALSE
Aug-11,0.0,74.0,57.0,FALSE
Aug-11,0.0,78.0,55.0,FALSE
Aug-11,0.0,77.0,53.0,FALSE
Aug-11,0.0,73.0,54.0,FALSE
Aug-11,0.0,78.0,53.0,FALSE
Aug-11,0.0,85.0,59.0,FALSE
Aug-11,0.0,87.0,59.0,FALSE
Aug-11,0.12,71.0,60.0,TRUE
Aug-11,0.0,77.0,60.0,FALSE
Aug-11,0.0,84.0,57.0,FALSE
Aug-11,0.0,82.0,58.0,FALSE
Aug-11,0.0,84.0,59.0,FALSE
Aug-11,0.0,84.0,56.0,FALSE
Aug-11,0.0,80.0,54.0,FALSE
Aug-11,0.0,70.0,57.0,FALSE
Aug-11,0.01,69.0,54.0,TRUE
Aug-11,0.0,69.0,52.0,FALSE
Sep-11,0.0,73.0,50.0,FALSE
Sep-11,0.0,71.0,56.0,FALSE
Sep-11,0.0,82.0,53.0,FALSE
Sep-11,0.0,83.0,52.0,FALSE
Sep-11,0.0,82.0,54.0,FALSE
Sep-11,0.0,84.0,53.0,FALSE
Sep-11,0.0,83.0,54.0,FALSE
Sep-11,0.0,85.0,58.0,FALSE
Sep-11,0.0,85.0,56.0,FALSE
Sep-11,0.0,84.0,56.0,FALSE
Sep-11,0.0,85.0,59.0,FALSE
Sep-11,0.0,68.0,57.0,FALSE
Sep-11,0.0,64.0,57.0,FALSE
Sep-11,0.0,67.0,58.0,FALSE
Sep-11,0.0,65.0,54.0,FALSE
Sep-11,0.0,64.0,52.0,FALSE
Sep-11,0.2,62.0,52.0,TRUE
Sep-11,0.28,65.0,52.0,TRUE
Sep-11,0.01,69.0,54.0,TRUE
Sep-11,0.0,77.0,48.0,FALSE
Sep-11,0.0,76.0,60.0,FALSE
Sep-11,0.0,76.0,62.0,FALSE
Sep-11,0.0,80.0,63.0,FALSE
Sep-11,0.0,75.0,60.0,FALSE
Sep-11,0.19,67.0,55.0,TRUE
Sep-11,0.59,61.0,53.0,TRUE
Sep-11,0.01,65.0,51.0,TRUE
Sep-11,0.0,65.0,48.0,FALSE
Sep-11,0.0,77.0,46.0,FALSE
Sep-11,0.01,65.0,51.0,TRUE
Oct-11,0.02,59.0,50.0,TRUE
Oct-11,0.37,64.0,49.0,TRUE
Oct-11,0.1,62.0,52.0,TRUE
Oct-11,0.05,63.0,49.0,TRUE
Oct-11,0.09,55.0,49.0,TRUE
Oct-11,0.11,58.0,49.0,TRUE
Oct-11,0.06,55.0,50.0,TRUE
Oct-11,0.02,65.0,46.0,TRUE
Oct-11,0.1,60.0,51.0,TRUE
Oct-11,0.25,59.0,51.0,TRUE
Oct-11,0.89,59.0,52.0,TRUE
Oct-11,0.0,59.0,48.0,FALSE
Oct-11,0.0,59.0,43.0,FALSE
Oct-11,0.01,58.0,45.0,TRUE
Oct-11,0.0,57.0,43.0,FALSE
Oct-11,0.0,50.0,42.0,FALSE
Oct-11,0.0,61.0,42.0,FALSE
Oct-11,0.0,67.0,45.0,FALSE
Oct-11,0.0,59.0,47.0,FALSE
Oct-11,0.0,59.0,47.0,FALSE
Oct-11,0.12,58.0,50.0,TRUE
Oct-11,0.58,60.0,55.0,TRUE
Oct-11,0.0,57.0,48.0,FALSE
Oct-11,0.0,57.0,45.0,FALSE
Oct-11,0.0,54.0,40.0,FALSE
Oct-11,0.02,50.0,37.0,TRUE
Oct-11,0.0,54.0,41.0,FALSE
Oct-11,0.5,54.0,42.0,TRUE
Oct-11,0.0,56.0,44.0,FALSE
Oct-11,0.16,57.0,44.0,TRUE
Oct-11,0.0,53.0,42.0,FALSE
Nov-11,0.0,52.0,37.0,FALSE
Nov-11,0.35,52.0,34.0,TRUE
Nov-11,0.0,52.0,40.0,FALSE
Nov-11,0.05,44.0,37.0,TRUE
Nov-11,0.0,50.0,36.0,FALSE
Nov-11,0.0,49.0,32.0,FALSE
Nov-11,0.01,49.0,39.0,TRUE
Nov-11,0.0,55.0,42.0,FALSE
Nov-11,0.0,62.0,46.0,FALSE
Nov-11,0.0,59.0,40.0,FALSE
Nov-11,0.23,51.0,38.0,TRUE
Nov-11,0.25,49.0,34.0,TRUE
Nov-11,0.02,49.0,41.0,TRUE
Nov-11,0.0,47.0,35.0,FALSE
Nov-11,0.0,48.0,32.0,FALSE
Nov-11,0.49,52.0,34.0,TRUE
Nov-11,0.28,48.0,35.0,TRUE
Nov-11,0.08,39.0,33.0,TRUE
Nov-11,0.0,41.0,31.0,FALSE
Nov-11,0.0,39.0,27.0,FALSE
Nov-11,0.3,50.0,33.0,TRUE
Nov-11,1.76,52.0,41.0,TRUE
Nov-11,0.55,53.0,40.0,TRUE
Nov-11,0.26,45.0,37.0,TRUE
Nov-11,0.0,48.0,36.0,FALSE
Nov-11,0.02,51.0,41.0,TRUE
Nov-11,0.42,56.0,44.0,TRUE
Nov-11,0.0,48.0,37.0,FALSE
Nov-11,0.09,44.0,35.0,TRUE
Nov-11,0.0,45.0,37.0,FALSE
Dec-11,0.0,41.0,29.0,FALSE
Dec-11,0.01,44.0,32.0,TRUE
Dec-11,0.0,42.0,31.0,FALSE
Dec-11,0.0,43.0,31.0,FALSE
Dec-11,0.0,42.0,28.0,FALSE
Dec-11,0.0,38.0,28.0,FALSE
Dec-11,0.0,41.0,35.0,FALSE
Dec-11,0.0,40.0,32.0,FALSE
Dec-11,0.0,40.0,26.0,FALSE
Dec-11,0.0,40.0,31.0,FALSE
Dec-11,0.02,40.0,35.0,TRUE
Dec-11,0.0,39.0,28.0,FALSE
Dec-11,0.0,41.0,26.0,FALSE
Dec-11,0.0,40.0,33.0,FALSE
Dec-11,0.03,44.0,38.0,TRUE
Dec-11,0.0,49.0,40.0,FALSE
Dec-11,0.0,50.0,33.0,FALSE
Dec-11,0.19,46.0,35.0,TRUE
Dec-11,0.0,46.0,36.0,FALSE
Dec-11,0.0,44.0,37.0,FALSE
Dec-11,0.0,45.0,32.0,FALSE
Dec-11,0.0,38.0,27.0,FALSE
Dec-11,0.02,49.0,35.0,TRUE
Dec-11,0.0,52.0,43.0,FALSE
Dec-11,0.03,50.0,37.0,TRUE
Dec-11,0.05,42.0,37.0,TRUE
Dec-11,0.9,51.0,40.0,TRUE
Dec-11,0.63,53.0,48.0,TRUE
Dec-11,0.29,51.0,44.0,TRUE
Dec-11,0.07,49.0,36.0,TRUE
Dec-11,0.0,43.0,32.0,FALSE
Jan-12,0.0,55.0,41.0,FALSE
Jan-12,0.43,51.0,37.0,TRUE
Jan-12,0.03,53.0,45.0,TRUE
Jan-12,0.8,54.0,42.0,TRUE
Jan-12,0.05,48.0,37.0,TRUE
Jan-12,0.1,40.0,36.0,TRUE
Jan-12,0.0,45.0,37.0,FALSE
Jan-12,0.0,50.0,37.0,FALSE
Jan-12,0.17,49.0,41.0,TRUE
Jan-12,0.04,43.0,33.0,TRUE
Jan-12,0.0,43.0,30.0,FALSE
Jan-12,0.0,43.0,29.0,FALSE
Jan-12,0.0,41.0,27.0,FALSE
Jan-12,0.16,40.0,33.0,TRUE
Jan-12,0.21,34.0,26.0,TRUE
Jan-12,0.1,35.0,27.0,TRUE
Jan-12,0.32,38.0,32.0,TRUE
Jan-12,0.78,32.0,27.0,TRUE
Jan-12,0.6,30.0,27.0,TRUE
Jan-12,0.53,45.0,30.0,TRUE
Jan-12,0.12,47.0,38.0,TRUE
Jan-12,0.24,44.0,36.0,TRUE
Jan-12,0.0,47.0,34.0,FALSE
Jan-12,0.34,50.0,36.0,TRUE
Jan-12,0.32,48.0,40.0,TRUE
Jan-12,0.19,48.0,34.0,TRUE
Jan-12,0.0,44.0,28.0,FALSE
Jan-12,0.0,44.0,33.0,FALSE
Jan-12,1.09,49.0,39.0,TRUE
Jan-12,0.14,47.0,43.0,TRUE
Jan-12,0.07,49.0,43.0,TRUE
Feb-12,0.53,48.0,38.0,TRUE
Feb-12,0.0,47.0,35.0,FALSE
Feb-12,0.0,58.0,36.0,FALSE
Feb-12,0.0,60.0,41.0,FALSE
Feb-12,0.0,57.0,35.0,FALSE
Feb-12,0.0,61.0,35.0,FALSE
Feb-12,0.01,60.0,46.0,TRUE
Feb-12,0.11,50.0,41.0,TRUE
Feb-12,0.1,52.0,46.0,TRUE
Feb-12,0.1,55.0,44.0,TRUE
Feb-12,0.03,48.0,42.0,TRUE
Feb-12,0.04,47.0,41.0,TRUE
Feb-12,0.45,45.0,40.0,TRUE
Feb-12,0.1,44.0,34.0,TRUE
Feb-12,0.0,45.0,33.0,FALSE
Feb-12,0.07,45.0,38.0,TRUE
Feb-12,0.68,50.0,40.0,TRUE
Feb-12,0.25,44.0,39.0,TRUE
Feb-12,0.0,44.0,36.0,FALSE
Feb-12,0.12,46.0,35.0,TRUE
Feb-12,0.03,50.0,46.0,TRUE
Feb-12,0.34,50.0,37.0,TRUE
Feb-12,0.0,47.0,37.0,FALSE
Feb-12,0.45,44.0,40.0,TRUE
Feb-12,0.0,45.0,37.0,FALSE
Feb-12,0.05,41.0,30.0,TRUE
Feb-12,0.0,44.0,28.0,FALSE
Feb-12,0.14,44.0,31.0,TRUE
Feb-12,0.03,41.0,34.0,TRUE
Mar-12,0.0,43.0,34.0,FALSE
Mar-12,0.08,44.0,39.0,TRUE
Mar-12,0.0,54.0,44.0,FALSE
Mar-12,0.0,51.0,44.0,FALSE
Mar-12,0.27,46.0,34.0,TRUE
Mar-12,0.02,44.0,32.0,TRUE
Mar-12,0.0,48.0,29.0,FALSE
Mar-12,0.0,60.0,33.0,FALSE
Mar-12,0.14,49.0,41.0,TRUE
Mar-12,0.41,45.0,43.0,TRUE
Mar-12,0.54,44.0,37.0,TRUE
Mar-12,0.76,47.0,33.0,TRUE
Mar-12,0.37,42.0,33.0,TRUE
Mar-12,0.34,46.0,34.0,TRUE
Mar-12,0.94,52.0,42.0,TRUE
Mar-12,0.33,48.0,39.0,TRUE
Mar-12,0.37,50.0,33.0,TRUE
Mar-12,0.14,41.0,31.0,TRUE
Mar-12,0.08,45.0,30.0,TRUE
Mar-12,0.14,46.0,36.0,TRUE
Mar-12,0.05,48.0,34.0,TRUE
Mar-12,0.16,50.0,35.0,TRUE
Mar-12,0.0,54.0,33.0,FALSE
Mar-12,0.0,59.0,38.0,FALSE
Mar-12,0.0,56.0,36.0,FALSE
Mar-12,0.0,55.0,43.0,FALSE
Mar-12,0.19,58.0,44.0,TRUE
Mar-12,0.05,51.0,45.0,TRUE
Mar-12,1.08,50.0,43.0,TRUE
Mar-12,0.22,49.0,41.0,TRUE
Mar-12,0.52,50.0,37.0,TRUE
Apr-12,0.06,48.0,40.0,TRUE
Apr-12,0.0,62.0,40.0,FALSE
Apr-12,0.06,53.0,38.0,TRUE
Apr-12,0.0,51.0,37.0,FALSE
Apr-12,0.18,49.0,37.0,TRUE
Apr-12,0.01,52.0,38.0,TRUE
Apr-12,0.0,61.0,35.0,FALSE
Apr-12,0.0,70.0,45.0,FALSE
Apr-12,0.0,68.0,43.0,FALSE
Apr-12,0.0,64.0,48.0,FALSE
Apr-12,0.09,52.0,45.0,TRUE
Apr-12,0.02,57.0,42.0,TRUE
Apr-12,0.0,59.0,39.0,FALSE
Apr-12,0.0,60.0,38.0,FALSE
Apr-12,0.0,61.0,45.0,FALSE
Apr-12,0.32,56.0,44.0,TRUE
Apr-12,0.07,50.0,40.0,TRUE
Apr-12,0.07,56.0,45.0,TRUE
Apr-12,0.43,57.0,41.0,TRUE
Apr-12,0.26,56.0,44.0,TRUE
Apr-12,0.0,68.0,40.0,FALSE
Apr-12,0.0,74.0,47.0,FALSE
Apr-12,0.0,71.0,48.0,FALSE
Apr-12,0.17,57.0,50.0,TRUE
Apr-12,0.42,62.0,48.0,TRUE
Apr-12,0.15,57.0,44.0,TRUE
Apr-12,0.03,56.0,43.0,TRUE
Apr-12,0.0,61.0,47.0,FALSE
Apr-12,0.17,60.0,48.0,TRUE
Apr-12,0.17,55.0,45.0,TRUE
May-12,0.02,53.0,43.0,TRUE
May-12,0.02,56.0,42.0,TRUE
May-12,0.73,52.0,45.0,TRUE
May-12,0.07,54.0,43.0,TRUE
May-12,0.0,56.0,41.0,FALSE
May-12,0.0,64.0,41.0,FALSE
May-12,0.0,75.0,43.0,FALSE
May-12,0.0,65.0,49.0,FALSE
May-12,0.0,56.0,44.0,FALSE
May-12,0.0,58.0,39.0,FALSE
May-12,0.0,65.0,40.0,FALSE
May-12,0.0,76.0,44.0,FALSE
May-12,0.0,78.0,49.0,FALSE
May-12,0.0,80.0,55.0,FALSE
May-12,0.0,76.0,49.0,FALSE
May-12,0.0,67.0,49.0,FALSE
May-12,0.0,64.0,44.0,FALSE
May-12,0.0,60.0,46.0,FALSE
May-12,0.0,67.0,45.0,FALSE
May-12,0.25,58.0,53.0,TRUE
May-12,0.55,62.0,50.0,TRUE
May-12,0.24,55.0,48.0,TRUE
May-12,0.01,58.0,48.0,TRUE
May-12,0.0,63.0,48.0,FALSE
May-12,0.0,72.0,48.0,FALSE
May-12,0.0,72.0,48.0,FALSE
May-12,0.0,63.0,53.0,FALSE
May-12,0.0,62.0,50.0,FALSE
May-12,0.0,61.0,46.0,FALSE
May-12,0.01,66.0,52.0,TRUE
May-12,0.15,64.0,54.0,TRUE
Jun-12,0.26,68.0,55.0,TRUE
Jun-12,0.01,66.0,51.0,TRUE
Jun-12,0.0,63.0,49.0,FALSE
Jun-12,0.05,55.0,48.0,TRUE
Jun-12,0.63,56.0,47.0,TRUE
Jun-12,0.0,61.0,43.0,FALSE
Jun-12,0.65,61.0,48.0,TRUE
Jun-12,0.06,59.0,47.0,TRUE
Jun-12,0.0,63.0,47.0,FALSE
Jun-12,0.0,66.0,50.0,FALSE
Jun-12,0.0,74.0,50.0,FALSE
Jun-12,0.03,65.0,55.0,TRUE
Jun-12,0.0,61.0,52.0,FALSE
Jun-12,0.0,63.0,50.0,FALSE
Jun-12,0.0,72.0,49.0,FALSE
Jun-12,0.0,70.0,59.0,FALSE
Jun-12,0.0,66.0,53.0,FALSE
Jun-12,0.12,63.0,50.0,TRUE
Jun-12,0.04,67.0,50.0,TRUE
Jun-12,0.0,76.0,50.0,FALSE
Jun-12,0.0,75.0,53.0,FALSE
Jun-12,0.62,57.0,53.0,TRUE
Jun-12,0.34,60.0,49.0,TRUE
Jun-12,0.0,67.0,49.0,FALSE
Jun-12,0.02,67.0,52.0,TRUE
Jun-12,0.0,65.0,51.0,FALSE
Jun-12,0.0,73.0,48.0,FALSE
Jun-12,0.0,72.0,53.0,FALSE
Jun-12,0.01,71.0,59.0,TRUE
Jun-12,0.12,68.0,56.0,TRUE
Jul-12,0.0,68.0,54.0,FALSE
Jul-12,0.08,66.0,53.0,TRUE
Jul-12,0.23,65.0,51.0,TRUE
Jul-12,0.0,69.0,49.0,FALSE
Jul-12,0.0,76.0,51.0,FALSE
Jul-12,0.0,77.0,52.0,FALSE
Jul-12,0.0,80.0,55.0,FALSE
Jul-12,0.0,83.0,58.0,FALSE
Jul-12,0.06,77.0,55.0,TRUE
Jul-12,0.0,75.0,52.0,FALSE
Jul-12,0.0,82.0,56.0,FALSE
Jul-12,0.0,78.0,56.0,FALSE
Jul-12,0.02,74.0,57.0,TRUE
Jul-12,0.0,77.0,59.0,FALSE
Jul-12,0.0,66.0,56.0,FALSE
Jul-12,0.01,79.0,56.0,TRUE
Jul-12,0.0,71.0,59.0,FALSE
Jul-12,0.0,70.0,58.0,FALSE
Jul-12,0.0,77.0,58.0,FALSE
Jul-12,0.6,67.0,57.0,TRUE
Jul-12,0.0,75.0,57.0,FALSE
Jul-12,0.04,69.0,54.0,TRUE
Jul-12,0.0,66.0,52.0,FALSE
Jul-12,0.0,74.0,54.0,FALSE
Jul-12,0.0,80.0,55.0,FALSE
Jul-12,0.0,78.0,55.0,FALSE
Jul-12,0.0,66.0,57.0,FALSE
Jul-12,0.0,72.0,56.0,FALSE
Jul-12,0.0,73.0,59.0,FALSE
Jul-12,0.0,67.0,56.0,FALSE
Jul-12,0.0,73.0,57.0,FALSE
Aug-12,0.0,75.0,56.0,FALSE
Aug-12,0.0,74.0,54.0,FALSE
Aug-12,0.0,81.0,55.0,FALSE
Aug-12,0.0,93.0,62.0,FALSE
Aug-12,0.0,93.0,64.0,FALSE
Aug-12,0.0,83.0,60.0,FALSE
Aug-12,0.0,70.0,59.0,FALSE
Aug-12,0.0,72.0,59.0,FALSE
Aug-12,0.0,76.0,58.0,FALSE
Aug-12,0.0,78.0,54.0,FALSE
Aug-12,0.0,83.0,56.0,FALSE
Aug-12,0.0,87.0,59.0,FALSE
Aug-12,0.0,87.0,59.0,FALSE
Aug-12,0.0,84.0,57.0,FALSE
Aug-12,0.0,88.0,62.0,FALSE
Aug-12,0.0,94.0,65.0,FALSE
Aug-12,0.0,91.0,61.0,FALSE
Aug-12,0.0,71.0,58.0,FALSE
Aug-12,0.0,74.0,59.0,FALSE
Aug-12,0.0,78.0,59.0,FALSE
Aug-12,0.0,74.0,56.0,FALSE
Aug-12,0.0,72.0,56.0,FALSE
Aug-12,0.0,70.0,57.0,FALSE
Aug-12,0.0,72.0,50.0,FALSE
Aug-12,0.0,79.0,53.0,FALSE
Aug-12,0.0,70.0,54.0,FALSE
Aug-12,0.0,75.0,56.0,FALSE
Aug-12,0.0,73.0,54.0,FALSE
Aug-12,0.0,73.0,56.0,FALSE
Aug-12,0.0,73.0,55.0,FALSE
Aug-12,0.0,72.0,51.0,FALSE
Sep-12,0.0,71.0,51.0,FALSE
Sep-12,0.0,70.0,50.0,FALSE
Sep-12,0.0,73.0,55.0,FALSE
Sep-12,0.0,76.0,52.0,FALSE
Sep-12,0.0,79.0,53.0,FALSE
Sep-12,0.0,83.0,58.0,FALSE
Sep-12,0.0,90.0,56.0,FALSE
Sep-12,0.0,77.0,56.0,FALSE
Sep-12,0.01,66.0,57.0,TRUE
Sep-12,0.01,68.0,53.0,TRUE
Sep-12,0.0,68.0,48.0,FALSE
Sep-12,0.0,72.0,50.0,FALSE
Sep-12,0.0,82.0,53.0,FALSE
Sep-12,0.0,79.0,52.0,FALSE
Sep-12,0.0,72.0,52.0,FALSE
Sep-12,0.0,76.0,49.0,FALSE
Sep-12,0.0,82.0,53.0,FALSE
Sep-12,0.0,82.0,53.0,FALSE
Sep-12,0.0,75.0,53.0,FALSE
Sep-12,0.0,67.0,50.0,FALSE
Sep-12,0.0,61.0,55.0,FALSE
Sep-12,0.01,67.0,53.0,TRUE
Sep-12,0.0,67.0,50.0,FALSE
Sep-12,0.0,70.0,50.0,FALSE
Sep-12,0.0,67.0,52.0,FALSE
Sep-12,0.0,67.0,49.0,FALSE
Sep-12,0.0,73.0,50.0,FALSE
Sep-12,0.0,77.0,54.0,FALSE
Sep-12,0.0,69.0,54.0,FALSE
Sep-12,0.0,70.0,46.0,FALSE
Oct-12,0.0,74.0,48.0,FALSE
Oct-12,0.0,64.0,50.0,FALSE
Oct-12,0.0,66.0,46.0,FALSE
Oct-12,0.0,66.0,47.0,FALSE
Oct-12,0.0,71.0,48.0,FALSE
Oct-12,0.0,75.0,46.0,FALSE
Oct-12,0.0,75.0,46.0,FALSE
Oct-12,0.0,70.0,46.0,FALSE
Oct-12,0.0,61.0,48.0,FALSE
Oct-12,0.0,54.0,47.0,FALSE
Oct-12,0.0,57.0,45.0,FALSE
Oct-12,0.08,57.0,48.0,TRUE
Oct-12,0.19,60.0,54.0,TRUE
Oct-12,0.65,64.0,56.0,TRUE
Oct-12,0.31,63.0,52.0,TRUE
Oct-12,0.0,61.0,47.0,FALSE
Oct-12,0.0,58.0,43.0,FALSE
Oct-12,0.82,64.0,44.0,TRUE
Oct-12,0.19,59.0,49.0,TRUE
Oct-12,0.02,52.0,43.0,TRUE
Oct-12,0.25,53.0,40.0,TRUE
Oct-12,0.35,46.0,38.0,TRUE
Oct-12,0.0,52.0,42.0,FALSE
Oct-12,0.28,53.0,43.0,TRUE
Oct-12,0.0,53.0,44.0,FALSE
Oct-12,0.06,52.0,45.0,TRUE
Oct-12,0.91,58.0,49.0,TRUE
Oct-12,0.24,58.0,50.0,TRUE
Oct-12,0.43,60.0,50.0,TRUE
Oct-12,1.36,59.0,54.0,TRUE
Oct-12,0.57,60.0,52.0,TRUE
Nov-12,0.38,59.0,51.0,TRUE
Nov-12,0.22,59.0,51.0,TRUE
Nov-12,0.02,60.0,52.0,TRUE
Nov-12,0.32,64.0,55.0,TRUE
Nov-12,0.03,59.0,46.0,TRUE
Nov-12,0.01,55.0,44.0,TRUE
Nov-12,0.0,54.0,39.0,FALSE
Nov-12,0.0,50.0,34.0,FALSE
Nov-12,0.0,48.0,34.0,FALSE
Nov-12,0.0,46.0,31.0,FALSE
Nov-12,0.6,48.0,34.0,TRUE
Nov-12,0.14,55.0,43.0,TRUE
Nov-12,0.21,52.0,46.0,TRUE
Nov-12,0.03,52.0,41.0,TRUE
Nov-12,0.0,49.0,37.0,FALSE
Nov-12,0.22,49.0,36.0,TRUE
Nov-12,0.24,54.0,43.0,TRUE
Nov-12,0.31,50.0,43.0,TRUE
Nov-12,2.13,56.0,47.0,TRUE
Nov-12,0.15,52.0,45.0,TRUE
Nov-12,0.44,47.0,39.0,TRUE
Nov-12,0.0,48.0,37.0,FALSE
Nov-12,1.26,49.0,43.0,TRUE
Nov-12,0.0,48.0,39.0,FALSE
Nov-12,0.0,47.0,34.0,FALSE
Nov-12,0.0,49.0,35.0,FALSE
Nov-12,0.0,50.0,35.0,FALSE
Nov-12,0.11,49.0,36.0,TRUE
Nov-12,0.06,55.0,46.0,TRUE
Nov-12,1.4,59.0,46.0,TRUE
Dec-12,0.16,56.0,47.0,TRUE
Dec-12,0.77,47.0,45.0,TRUE
Dec-12,0.51,49.0,45.0,TRUE
Dec-12,0.56,53.0,45.0,TRUE
Dec-12,0.06,48.0,40.0,TRUE
Dec-12,0.06,45.0,43.0,TRUE
Dec-12,0.04,46.0,38.0,TRUE
Dec-12,0.0,44.0,38.0,FALSE
Dec-12,0.06,44.0,37.0,TRUE
Dec-12,0.02,45.0,42.0,TRUE
Dec-12,0.12,46.0,42.0,TRUE
Dec-12,0.32,44.0,40.0,TRUE
Dec-12,0.09,45.0,38.0,TRUE
Dec-12,0.31,43.0,34.0,TRUE
Dec-12,0.21,40.0,33.0,TRUE
Dec-12,0.89,44.0,38.0,TRUE
Dec-12,0.08,47.0,35.0,TRUE
Dec-12,0.13,39.0,33.0,TRUE
Dec-12,0.54,47.0,35.0,TRUE
Dec-12,0.52,45.0,33.0,TRUE
Dec-12,0.07,47.0,29.0,TRUE
Dec-12,0.13,47.0,39.0,TRUE
Dec-12,0.26,45.0,38.0,TRUE
Dec-12,0.01,42.0,37.0,TRUE
Dec-12,0.53,42.0,37.0,TRUE
Dec-12,0.18,44.0,38.0,TRUE
Dec-12,0.16,46.0,38.0,TRUE
Dec-12,0.0,47.0,39.0,FALSE
Dec-12,0.06,41.0,38.0,TRUE
Dec-12,0.0,40.0,32.0,FALSE
Dec-12,0.0,38.0,30.0,FALSE
Jan-13,0.0,41.0,27.0,FALSE
Jan-13,0.0,43.0,30.0,FALSE
Jan-13,0.16,44.0,29.0,TRUE
Jan-13,0.1,50.0,36.0,TRUE
Jan-13,0.12,44.0,40.0,TRUE
Jan-13,0.08,45.0,37.0,TRUE
Jan-13,0.09,50.0,40.0,TRUE
Jan-13,0.64,53.0,42.0,TRUE
Jan-13,1.51,50.0,35.0,TRUE
Jan-13,0.01,38.0,31.0,TRUE
Jan-13,0.0,37.0,27.0,FALSE
Jan-13,0.0,37.0,25.0,FALSE
Jan-13,0.0,36.0,24.0,FALSE
Jan-13,0.0,38.0,28.0,FALSE
Jan-13,0.0,44.0,31.0,FALSE
Jan-13,0.0,43.0,25.0,FALSE
Jan-13,0.0,39.0,27.0,FALSE
Jan-13,0.0,38.0,30.0,FALSE
Jan-13,0.0,34.0,31.0,FALSE
Jan-13,0.0,38.0,31.0,FALSE
Jan-13,0.0,36.0,29.0,FALSE
Jan-13,0.0,38.0,29.0,FALSE
Jan-13,0.2,45.0,36.0,TRUE
Jan-13,0.23,45.0,34.0,TRUE
Jan-13,0.12,51.0,37.0,TRUE
Jan-13,0.09,47.0,39.0,TRUE
Jan-13,0.07,42.0,39.0,TRUE
Jan-13,0.31,43.0,38.0,TRUE
Jan-13,0.17,47.0,41.0,TRUE
Jan-13,0.14,48.0,44.0,TRUE
Jan-13,0.12,49.0,45.0,TRUE
Feb-13,0.01,53.0,41.0,TRUE
Feb-13,0.0,43.0,37.0,FALSE
Feb-13,0.09,48.0,37.0,TRUE
Feb-13,0.0,51.0,44.0,FALSE
Feb-13,0.13,50.0,44.0,TRUE
Feb-13,0.04,51.0,43.0,TRUE
Feb-13,0.05,49.0,38.0,TRUE
Feb-13,0.0,46.0,36.0,FALSE
Feb-13,0.01,47.0,40.0,TRUE
Feb-13,0.0,48.0,35.0,FALSE
Feb-13,0.01,47.0,40.0,TRUE
Feb-13,0.04,52.0,45.0,TRUE
Feb-13,0.09,49.0,45.0,TRUE
Feb-13,0.04,49.0,42.0,TRUE
Feb-13,0.0,56.0,41.0,FALSE
Feb-13,0.0,52.0,39.0,FALSE
Feb-13,0.0,49.0,40.0,FALSE
Feb-13,0.0,46.0,39.0,FALSE
Feb-13,0.0,51.0,35.0,FALSE
Feb-13,0.06,46.0,34.0,TRUE
Feb-13,0.02,44.0,39.0,TRUE
Feb-13,0.37,46.0,39.0,TRUE
Feb-13,0.01,50.0,39.0,TRUE
Feb-13,0.0,48.0,41.0,FALSE
Feb-13,0.09,51.0,38.0,TRUE
Feb-13,0.02,48.0,39.0,TRUE
Feb-13,0.18,50.0,40.0,TRUE
Feb-13,0.32,53.0,44.0,TRUE
Mar-13,0.16,59.0,52.0,TRUE
Mar-13,0.03,57.0,41.0,TRUE
Mar-13,0.0,52.0,36.0,FALSE
Mar-13,0.0,56.0,32.0,FALSE
Mar-13,0.0,49.0,43.0,FALSE
Mar-13,0.47,45.0,41.0,TRUE
Mar-13,0.29,54.0,41.0,TRUE
Mar-13,0.0,53.0,36.0,FALSE
Mar-13,0.0,55.0,34.0,FALSE
Mar-13,0.03,46.0,39.0,TRUE
Mar-13,0.05,51.0,43.0,TRUE
Mar-13,0.08,55.0,50.0,TRUE
Mar-13,0.09,53.0,49.0,TRUE
Mar-13,0.11,53.0,49.0,TRUE
Mar-13,0.0,58.0,48.0,FALSE
Mar-13,0.17,51.0,40.0,TRUE
Mar-13,0.0,48.0,39.0,FALSE
Mar-13,0.0,53.0,39.0,FALSE
Mar-13,0.46,55.0,35.0,TRUE
Mar-13,0.39,52.0,40.0,TRUE
Mar-13,0.32,50.0,36.0,TRUE
Mar-13,0.0,49.0,33.0,FALSE
Mar-13,0.0,50.0,34.0,FALSE
Mar-13,0.0,54.0,33.0,FALSE
Mar-13,0.0,62.0,40.0,FALSE
Mar-13,0.0,62.0,43.0,FALSE
Mar-13,0.01,56.0,45.0,TRUE
Mar-13,0.08,61.0,47.0,TRUE
Mar-13,0.0,65.0,46.0,FALSE
Mar-13,0.0,68.0,42.0,FALSE
Mar-13,0.0,69.0,44.0,FALSE
Apr-13,0.0,63.0,47.0,FALSE
Apr-13,0.0,57.0,48.0,FALSE
Apr-13,0.0,62.0,46.0,FALSE
Apr-13,0.33,58.0,50.0,TRUE
Apr-13,0.73,57.0,50.0,TRUE
Apr-13,0.5,54.0,45.0,TRUE
Apr-13,1.54,47.0,41.0,TRUE
Apr-13,0.03,56.0,43.0,TRUE
Apr-13,0.0,54.0,43.0,FALSE
Apr-13,0.37,59.0,48.0,TRUE
Apr-13,0.06,54.0,44.0,TRUE
Apr-13,0.38,46.0,40.0,TRUE
Apr-13,0.37,51.0,38.0,TRUE
Apr-13,0.23,55.0,40.0,TRUE
Apr-13,0.0,57.0,40.0,FALSE
Apr-13,0.01,57.0,38.0,TRUE
Apr-13,0.0,59.0,39.0,FALSE
Apr-13,0.21,53.0,44.0,TRUE
Apr-13,0.81,56.0,49.0,TRUE
Apr-13,0.0,57.0,47.0,FALSE
Apr-13,0.13,54.0,44.0,TRUE
Apr-13,0.0,61.0,41.0,FALSE
Apr-13,0.0,64.0,39.0,FALSE
Apr-13,0.0,70.0,43.0,FALSE
Apr-13,0.0,71.0,44.0,FALSE
Apr-13,0.0,69.0,47.0,FALSE
Apr-13,0.0,57.0,51.0,FALSE
Apr-13,0.04,59.0,49.0,TRUE
Apr-13,0.15,57.0,44.0,TRUE
Apr-13,0.0,55.0,40.0,FALSE
May-13,0.0,65.0,38.0,FALSE
May-13,0.0,69.0,44.0,FALSE
May-13,0.0,71.0,49.0,FALSE
May-13,0.0,77.0,52.0,FALSE
May-13,0.0,84.0,53.0,FALSE
May-13,0.0,87.0,54.0,FALSE
May-13,0.0,69.0,52.0,FALSE
May-13,0.0,67.0,52.0,FALSE
May-13,0.0,73.0,50.0,FALSE
May-13,0.0,79.0,49.0,FALSE
May-13,0.0,81.0,54.0,FALSE
May-13,0.26,71.0,57.0,TRUE
May-13,0.13,66.0,49.0,TRUE
May-13,0.0,65.0,46.0,FALSE
May-13,0.04,63.0,48.0,TRUE
May-13,0.0,71.0,54.0,FALSE
May-13,0.02,63.0,53.0,TRUE
May-13,0.0,62.0,52.0,FALSE
May-13,0.0,65.0,51.0,FALSE
May-13,0.0,67.0,49.0,FALSE
May-13,0.54,60.0,47.0,TRUE
May-13,0.54,52.0,45.0,TRUE
May-13,0.16,54.0,44.0,TRUE
May-13,0.01,62.0,48.0,TRUE
May-13,0.0,64.0,50.0,FALSE
May-13,0.06,65.0,51.0,TRUE
May-13,0.38,62.0,52.0,TRUE
May-13,0.02,63.0,53.0,TRUE
May-13,0.22,61.0,49.0,TRUE
May-13,0.0,62.0,49.0,FALSE
May-13,0.0,67.0,52.0,FALSE
Jun-13,0.0,73.0,54.0,FALSE
Jun-13,0.04,69.0,54.0,TRUE
Jun-13,0.0,72.0,52.0,FALSE
Jun-13,0.0,79.0,54.0,FALSE
Jun-13,0.0,80.0,58.0,FALSE
Jun-13,0.0,80.0,54.0,FALSE
Jun-13,0.0,71.0,56.0,FALSE
Jun-13,0.0,69.0,55.0,FALSE
Jun-13,0.0,69.0,52.0,FALSE
Jun-13,0.0,71.0,53.0,FALSE
Jun-13,0.0,68.0,50.0,FALSE
Jun-13,0.01,69.0,53.0,TRUE
Jun-13,0.0,70.0,53.0,FALSE
Jun-13,0.0,68.0,54.0,FALSE
Jun-13,0.0,78.0,50.0,FALSE
Jun-13,0.0,75.0,55.0,FALSE
Jun-13,0.0,78.0,57.0,FALSE
Jun-13,0.01,74.0,56.0,TRUE
Jun-13,0.0,68.0,55.0,FALSE
Jun-13,0.12,63.0,55.0,TRUE
Jun-13,0.01,69.0,54.0,TRUE
Jun-13,0.0,78.0,53.0,FALSE
Jun-13,0.31,72.0,59.0,TRUE
Jun-13,0.19,70.0,57.0,TRUE
Jun-13,0.39,74.0,58.0,TRUE
Jun-13,0.08,72.0,59.0,TRUE
Jun-13,0.14,70.0,62.0,TRUE
Jun-13,0.0,87.0,61.0,FALSE
Jun-13,0.0,86.0,65.0,FALSE
Jun-13,0.0,93.0,63.0,FALSE
Jul-13,0.0,89.0,65.0,FALSE
Jul-13,0.0,83.0,60.0,FALSE
Jul-13,0.0,79.0,62.0,FALSE
Jul-13,0.0,71.0,57.0,FALSE
Jul-13,0.0,74.0,57.0,FALSE
Jul-13,0.0,79.0,56.0,FALSE
Jul-13,0.0,75.0,57.0,FALSE
Jul-13,0.0,80.0,56.0,FALSE
Jul-13,0.0,86.0,59.0,FALSE
Jul-13,0.0,72.0,57.0,FALSE
Jul-13,0.0,73.0,54.0,FALSE
Jul-13,0.0,67.0,56.0,FALSE
Jul-13,0.0,79.0,52.0,FALSE
Jul-13,0.0,82.0,55.0,FALSE
Jul-13,0.0,82.0,58.0,FALSE
Jul-13,0.0,88.0,65.0,FALSE
Jul-13,0.0,72.0,59.0,FALSE
Jul-13,0.0,79.0,57.0,FALSE
Jul-13,0.0,82.0,56.0,FALSE
Jul-13,0.0,77.0,56.0,FALSE
Jul-13,0.0,75.0,55.0,FALSE
Jul-13,0.0,79.0,56.0,FALSE
Jul-13,0.0,88.0,57.0,FALSE
Jul-13,0.0,88.0,58.0,FALSE
Jul-13,0.0,88.0,55.0,FALSE
Jul-13,0.0,88.0,58.0,FALSE
Jul-13,0.0,78.0,55.0,FALSE
Jul-13,0.0,70.0,54.0,FALSE
Jul-13,0.0,77.0,56.0,FALSE
Jul-13,0.0,77.0,56.0,FALSE
Jul-13,0.0,71.0,56.0,FALSE
Aug-13,0.0,69.0,56.0,FALSE
Aug-13,0.08,63.0,59.0,TRUE
Aug-13,0.0,77.0,60.0,FALSE
Aug-13,0.0,84.0,59.0,FALSE
Aug-13,0.0,86.0,59.0,FALSE
Aug-13,0.0,87.0,57.0,FALSE
Aug-13,0.0,88.0,57.0,FALSE
Aug-13,0.0,83.0,58.0,FALSE
Aug-13,0.0,83.0,58.0,FALSE
Aug-13,0.09,78.0,59.0,TRUE
Aug-13,0.0,77.0,58.0,FALSE
Aug-13,0.0,78.0,61.0,FALSE
Aug-13,0.0,82.0,59.0,FALSE
Aug-13,0.03,81.0,59.0,TRUE
Aug-13,0.07,70.0,63.0,TRUE
Aug-13,0.0,84.0,61.0,FALSE
Aug-13,0.0,78.0,63.0,FALSE
Aug-13,0.0,79.0,60.0,FALSE
Aug-13,0.0,80.0,60.0,FALSE
Aug-13,0.0,78.0,61.0,FALSE
Aug-13,0.0,82.0,59.0,FALSE
Aug-13,0.0,84.0,59.0,FALSE
Aug-13,0.0,77.0,61.0,FALSE
Aug-13,0.0,77.0,62.0,FALSE
Aug-13,0.01,72.0,61.0,TRUE
Aug-13,0.04,76.0,61.0,TRUE
Aug-13,0.05,80.0,63.0,TRUE
Aug-13,0.22,80.0,60.0,TRUE
Aug-13,0.76,75.0,65.0,TRUE
Aug-13,0.0,79.0,61.0,FALSE
Aug-13,0.0,82.0,57.0,FALSE
Sep-13,0.0,82.0,60.0,FALSE
Sep-13,0.0,82.0,63.0,FALSE
Sep-13,0.09,77.0,62.0,TRUE
Sep-13,0.01,73.0,61.0,TRUE
Sep-13,1.09,68.0,60.0,TRUE
Sep-13,0.84,71.0,61.0,TRUE
Sep-13,0.0,74.0,63.0,FALSE
Sep-13,0.0,80.0,58.0,FALSE
Sep-13,0.0,79.0,57.0,FALSE
Sep-13,0.0,80.0,59.0,FALSE
Sep-13,0.0,93.0,61.0,FALSE
Sep-13,0.0,78.0,59.0,FALSE
Sep-13,0.0,66.0,60.0,FALSE
Sep-13,0.0,71.0,60.0,FALSE
Sep-13,0.13,66.0,58.0,TRUE
Sep-13,0.01,71.0,59.0,TRUE
Sep-13,0.0,64.0,57.0,FALSE
Sep-13,0.0,70.0,56.0,FALSE
Sep-13,0.0,78.0,50.0,FALSE
Sep-13,0.14,74.0,56.0,TRUE
Sep-13,0.0,70.0,56.0,FALSE
Sep-13,0.53,63.0,56.0,TRUE
Sep-13,0.11,61.0,52.0,TRUE
Sep-13,0.0,64.0,50.0,FALSE
Sep-13,0.08,61.0,49.0,TRUE
Sep-13,0.0,63.0,45.0,FALSE
Sep-13,0.04,57.0,51.0,TRUE
Sep-13,1.71,62.0,53.0,TRUE
Sep-13,0.66,58.0,52.0,TRUE
Sep-13,0.73,57.0,50.0,TRUE
Oct-13,0.31,58.0,48.0,TRUE
Oct-13,0.21,55.0,49.0,TRUE
Oct-13,0.03,58.0,48.0,TRUE
Oct-13,0.0,64.0,42.0,FALSE
Oct-13,0.0,68.0,47.0,FALSE
Oct-13,0.16,73.0,46.0,TRUE
Oct-13,0.02,61.0,53.0,TRUE
Oct-13,0.27,57.0,46.0,TRUE
Oct-13,0.0,59.0,42.0,FALSE
Oct-13,0.04,58.0,47.0,TRUE
Oct-13,0.36,57.0,51.0,TRUE
Oct-13,0.04,58.0,48.0,TRUE
Oct-13,0.0,59.0,44.0,FALSE
Oct-13,0.0,60.0,39.0,FALSE
Oct-13,0.0,60.0,41.0,FALSE
Oct-13,0.0,55.0,48.0,FALSE
Oct-13,0.0,58.0,48.0,FALSE
Oct-13,0.0,55.0,45.0,FALSE
Oct-13,0.0,51.0,46.0,FALSE
Oct-13,0.0,51.0,46.0,FALSE
Oct-13,0.0,53.0,47.0,FALSE
Oct-13,0.0,58.0,45.0,FALSE
Oct-13,0.0,55.0,43.0,FALSE
Oct-13,0.0,50.0,43.0,FALSE
Oct-13,0.0,54.0,46.0,FALSE
Oct-13,0.0,53.0,47.0,FALSE
Oct-13,0.07,57.0,47.0,TRUE
Oct-13,0.0,58.0,45.0,FALSE
Oct-13,0.0,56.0,38.0,FALSE
Oct-13,0.02,59.0,42.0,TRUE
Oct-13,0.01,58.0,51.0,TRUE
Nov-13,0.05,64.0,53.0,TRUE
Nov-13,0.5,58.0,47.0,TRUE
Nov-13,0.02,54.0,40.0,TRUE
Nov-13,0.0,51.0,39.0,FALSE
Nov-13,0.1,56.0,45.0,TRUE
Nov-13,0.15,55.0,46.0,TRUE
Nov-13,1.18,52.0,50.0,TRUE
Nov-13,0.0,56.0,45.0,FALSE
Nov-13,0.07,52.0,41.0,TRUE
Nov-13,0.0,52.0,47.0,FALSE
Nov-13,0.0,61.0,43.0,FALSE
Nov-13,0.16,60.0,48.0,TRUE
Nov-13,0.0,57.0,51.0,FALSE
Nov-13,0.05,52.0,43.0,TRUE
Nov-13,0.12,51.0,45.0,TRUE
Nov-13,0.0,50.0,41.0,FALSE
Nov-13,0.21,53.0,45.0,TRUE
Nov-13,1.03,55.0,49.0,TRUE
Nov-13,0.04,56.0,40.0,TRUE
Nov-13,0.0,46.0,35.0,FALSE
Nov-13,0.0,46.0,31.0,FALSE
Nov-13,0.0,49.0,32.0,FALSE
Nov-13,0.0,52.0,34.0,FALSE
Nov-13,0.0,53.0,33.0,FALSE
Nov-13,0.0,54.0,36.0,FALSE
Nov-13,0.0,54.0,37.0,FALSE
Nov-13,0.0,58.0,42.0,FALSE
Nov-13,0.0,53.0,38.0,FALSE
Nov-13,0.02,49.0,41.0,TRUE
Nov-13,0.09,52.0,45.0,TRUE
Dec-13,0.12,56.0,46.0,TRUE
Dec-13,0.18,46.0,35.0,TRUE
Dec-13,0.0,41.0,31.0,FALSE
Dec-13,0.0,40.0,28.0,FALSE
Dec-13,0.0,34.0,23.0,FALSE
Dec-13,0.0,34.0,24.0,FALSE
Dec-13,0.0,32.0,19.0,FALSE
Dec-13,0.0,36.0,20.0,FALSE
Dec-13,0.0,34.0,23.0,FALSE
Dec-13,0.0,42.0,33.0,FALSE
Dec-13,0.0,41.0,29.0,FALSE
Dec-13,0.27,42.0,31.0,TRUE
Dec-13,0.02,49.0,42.0,TRUE
Dec-13,0.0,49.0,43.0,FALSE
Dec-13,0.05,53.0,47.0,TRUE
Dec-13,0.01,50.0,40.0,TRUE
Dec-13,0.0,47.0,40.0,FALSE
Dec-13,0.05,46.0,36.0,TRUE
Dec-13,0.0,41.0,32.0,FALSE
Dec-13,0.22,47.0,33.0,TRUE
Dec-13,0.22,48.0,42.0,TRUE
Dec-13,0.42,51.0,47.0,TRUE
Dec-13,0.06,53.0,43.0,TRUE
Dec-13,0.0,47.0,37.0,FALSE
Dec-13,0.0,44.0,35.0,FALSE
Dec-13,0.0,44.0,33.0,FALSE
Dec-13,0.01,48.0,32.0,TRUE
Dec-13,0.0,49.0,38.0,FALSE
Dec-13,0.0,45.0,35.0,FALSE
Dec-13,0.01,48.0,40.0,TRUE
Dec-13,0.02,47.0,41.0,TRUE
Jan-14,0.0,45.0,38.0,FALSE
Jan-14,0.16,51.0,43.0,TRUE
Jan-14,0.06,48.0,37.0,TRUE
Jan-14,0.0,46.0,33.0,FALSE
Jan-14,0.0,47.0,31.0,FALSE
Jan-14,0.01,46.0,31.0,TRUE
Jan-14,0.48,47.0,41.0,TRUE
Jan-14,0.38,50.0,45.0,TRUE
Jan-14,0.23,49.0,42.0,TRUE
Jan-14,0.17,55.0,47.0,TRUE
Jan-14,0.84,58.0,45.0,TRUE
Jan-14,0.06,52.0,42.0,TRUE
Jan-14,0.0,51.0,50.0,FALSE
Jan-14,0.0,52.0,45.0,FALSE
Jan-14,0.0,52.0,42.0,FALSE
Jan-14,0.0,44.0,40.0,FALSE
Jan-14,0.0,42.0,37.0,FALSE
Jan-14,0.0,49.0,33.0,FALSE
Jan-14,0.0,43.0,38.0,FALSE
Jan-14,0.0,50.0,37.0,FALSE
Jan-14,0.0,50.0,35.0,FALSE
Jan-14,0.02,49.0,42.0,TRUE
Jan-14,0.0,50.0,37.0,FALSE
Jan-14,0.0,55.0,34.0,FALSE
Jan-14,0.0,54.0,34.0,FALSE
Jan-14,0.0,47.0,33.0,FALSE
Jan-14,0.0,49.0,35.0,FALSE
Jan-14,0.35,52.0,43.0,TRUE
Jan-14,0.85,52.0,45.0,TRUE
Jan-14,0.0,47.0,43.0,FALSE
Jan-14,0.09,46.0,42.0,TRUE
Feb-14,0.08,46.0,37.0,TRUE
Feb-14,0.0,48.0,34.0,FALSE
Feb-14,0.0,41.0,32.0,FALSE
Feb-14,0.0,37.0,28.0,FALSE
Feb-14,0.0,31.0,22.0,FALSE
Feb-14,0.0,29.0,21.0,FALSE
Feb-14,0.0,38.0,23.0,FALSE
Feb-14,0.2,42.0,31.0,TRUE
Feb-14,0.02,39.0,32.0,TRUE
Feb-14,0.72,50.0,36.0,TRUE
Feb-14,0.67,54.0,42.0,TRUE
Feb-14,0.18,54.0,45.0,TRUE
Feb-14,0.07,55.0,46.0,TRUE
Feb-14,0.37,53.0,43.0,TRUE
Feb-14,0.46,52.0,41.0,TRUE
Feb-14,1.04,49.0,39.0,TRUE
Feb-14,0.57,47.0,40.0,TRUE
Feb-14,0.6,48.0,41.0,TRUE
Feb-14,0.04,47.0,39.0,TRUE
Feb-14,0.12,50.0,42.0,TRUE
Feb-14,0.11,44.0,39.0,TRUE
Feb-14,0.1,42.0,37.0,TRUE
Feb-14,0.24,45.0,39.0,TRUE
Feb-14,0.51,44.0,38.0,TRUE
Feb-14,0.01,54.0,39.0,TRUE
Feb-14,0.0,57.0,42.0,FALSE
Feb-14,0.0,55.0,40.0,FALSE
Feb-14,0.0,58.0,40.0,FALSE
Mar-14,0.02,45.0,40.0,TRUE
Mar-14,0.75,52.0,37.0,TRUE
Mar-14,0.42,58.0,48.0,TRUE
Mar-14,0.65,57.0,46.0,TRUE
Mar-14,1.84,60.0,51.0,TRUE
Mar-14,0.12,56.0,50.0,TRUE
Mar-14,0.0,60.0,48.0,FALSE
Mar-14,1.27,55.0,44.0,TRUE
Mar-14,0.17,59.0,49.0,TRUE
Mar-14,0.74,54.0,43.0,TRUE
Mar-14,0.0,58.0,40.0,FALSE
Mar-14,0.0,61.0,38.0,FALSE
Mar-14,0.02,57.0,41.0,TRUE
Mar-14,0.27,58.0,47.0,TRUE
Mar-14,0.32,62.0,40.0,TRUE
Mar-14,1.09,51.0,40.0,TRUE
Mar-14,0.01,50.0,37.0,TRUE
Mar-14,0.0,50.0,38.0,FALSE
Mar-14,0.02,52.0,38.0,TRUE
Mar-14,0.0,52.0,35.0,FALSE
Mar-14,0.0,51.0,37.0,FALSE
Mar-14,0.0,52.0,34.0,FALSE
Mar-14,0.0,55.0,40.0,FALSE
Mar-14,0.0,66.0,37.0,FALSE
Mar-14,0.16,57.0,44.0,TRUE
Mar-14,0.14,52.0,42.0,TRUE
Mar-14,0.01,54.0,44.0,TRUE
Mar-14,0.87,53.0,45.0,TRUE
Mar-14,0.55,53.0,45.0,TRUE
Mar-14,0.0,52.0,41.0,FALSE
Mar-14,0.0,60.0,36.0,FALSE
Apr-14,0.0,58.0,44.0,FALSE
Apr-14,0.0,58.0,42.0,FALSE
Apr-14,0.1,56.0,43.0,TRUE
Apr-14,0.0,55.0,43.0,FALSE
Apr-14,0.18,53.0,46.0,TRUE
Apr-14,0.0,57.0,47.0,FALSE
Apr-14,0.0,70.0,49.0,FALSE
Apr-14,0.18,60.0,47.0,TRUE
Apr-14,0.0,58.0,44.0,FALSE
Apr-14,0.0,59.0,44.0,FALSE
Apr-14,0.0,63.0,41.0,FALSE
Apr-14,0.0,61.0,46.0,FALSE
Apr-14,0.0,69.0,42.0,FALSE
Apr-14,0.0,68.0,42.0,FALSE
Apr-14,0.02,58.0,46.0,TRUE
Apr-14,0.43,52.0,48.0,TRUE
Apr-14,0.73,53.0,45.0,TRUE
Apr-14,0.0,58.0,42.0,FALSE
Apr-14,0.54,53.0,42.0,TRUE
Apr-14,0.0,60.0,42.0,FALSE
Apr-14,0.2,63.0,46.0,TRUE
Apr-14,0.56,54.0,41.0,TRUE
Apr-14,0.35,53.0,43.0,TRUE
Apr-14,0.49,57.0,43.0,TRUE
Apr-14,0.0,58.0,42.0,FALSE
Apr-14,0.13,59.0,42.0,TRUE
Apr-14,0.27,52.0,43.0,TRUE
Apr-14,0.0,61.0,40.0,FALSE
Apr-14,0.0,77.0,49.0,FALSE
Apr-14,0.0,82.0,49.0,FALSE
May-14,0.0,85.0,52.0,FALSE
May-14,0.0,65.0,51.0,FALSE
May-14,1.31,59.0,48.0,TRUE
May-14,0.63,58.0,48.0,TRUE
May-14,0.2,60.0,49.0,TRUE
May-14,0.0,62.0,47.0,FALSE
May-14,0.0,65.0,45.0,FALSE
May-14,0.54,57.0,49.0,TRUE
May-14,0.08,56.0,45.0,TRUE
May-14,0.02,60.0,45.0,TRUE
May-14,0.0,66.0,47.0,FALSE
May-14,0.0,76.0,49.0,FALSE
May-14,0.0,80.0,55.0,FALSE
May-14,0.0,82.0,56.0,FALSE
May-14,0.0,80.0,55.0,FALSE
May-14,0.0,68.0,53.0,FALSE
May-14,0.0,68.0,53.0,FALSE
May-14,0.0,68.0,51.0,FALSE
May-14,0.0,70.0,50.0,FALSE
May-14,0.0,72.0,50.0,FALSE
May-14,0.0,68.0,51.0,FALSE
May-14,0.0,76.0,53.0,FALSE
May-14,0.15,68.0,55.0,TRUE
May-14,0.0,65.0,52.0,FALSE
May-14,0.22,59.0,51.0,TRUE
May-14,0.0,65.0,52.0,FALSE
May-14,0.0,68.0,50.0,FALSE
May-14,0.0,66.0,50.0,FALSE
May-14,0.0,66.0,52.0,FALSE
May-14,0.0,69.0,48.0,FALSE
May-14,0.0,74.0,50.0,FALSE
Jun-14,0.0,72.0,51.0,FALSE
Jun-14,0.0,74.0,52.0,FALSE
Jun-14,0.0,65.0,52.0,FALSE
Jun-14,0.0,67.0,50.0,FALSE
Jun-14,0.0,72.0,50.0,FALSE
Jun-14,0.0,77.0,51.0,FALSE
Jun-14,0.0,76.0,56.0,FALSE
Jun-14,0.0,74.0,54.0,FALSE
Jun-14,0.0,70.0,56.0,FALSE
Jun-14,0.0,68.0,54.0,FALSE
Jun-14,0.0,75.0,52.0,FALSE
Jun-14,0.07,71.0,54.0,TRUE
Jun-14,0.25,60.0,52.0,TRUE
Jun-14,0.0,64.0,53.0,FALSE
Jun-14,0.02,65.0,50.0,TRUE
Jun-14,0.14,64.0,48.0,TRUE
Jun-14,0.05,64.0,50.0,TRUE
Jun-14,0.0,66.0,52.0,FALSE
Jun-14,0.03,78.0,53.0,TRUE
Jun-14,0.01,68.0,50.0,TRUE
Jun-14,0.0,72.0,51.0,FALSE
Jun-14,0.0,77.0,52.0,FALSE
Jun-14,0.0,77.0,56.0,FALSE
Jun-14,0.0,76.0,58.0,FALSE
Jun-14,0.0,79.0,57.0,FALSE
Jun-14,0.0,70.0,58.0,FALSE
Jun-14,0.07,70.0,57.0,TRUE
Jun-14,0.09,68.0,56.0,TRUE
Jun-14,0.0,69.0,55.0,FALSE
Jun-14,0.0,78.0,55.0,FALSE
Jul-14,0.0,94.0,60.0,FALSE
Jul-14,0.0,81.0,58.0,FALSE
Jul-14,0.0,71.0,57.0,FALSE
Jul-14,0.0,75.0,57.0,FALSE
Jul-14,0.0,76.0,56.0,FALSE
Jul-14,0.0,84.0,59.0,FALSE
Jul-14,0.0,81.0,64.0,FALSE
Jul-14,0.0,86.0,60.0,FALSE
Jul-14,0.0,80.0,57.0,FALSE
Jul-14,0.0,84.0,55.0,FALSE
Jul-14,0.0,88.0,59.0,FALSE
Jul-14,0.0,90.0,62.0,FALSE
Jul-14,0.0,85.0,59.0,FALSE
Jul-14,0.0,82.0,59.0,FALSE
Jul-14,0.0,88.0,57.0,FALSE
Jul-14,0.0,88.0,58.0,FALSE
Jul-14,0.0,80.0,57.0,FALSE
Jul-14,0.0,75.0,53.0,FALSE
Jul-14,0.0,78.0,59.0,FALSE
Jul-14,0.0,67.0,58.0,FALSE
Jul-14,0.0,75.0,56.0,FALSE
Jul-14,0.01,70.0,56.0,TRUE
Jul-14,0.76,66.0,56.0,TRUE
Jul-14,0.0,69.0,55.0,FALSE
Jul-14,0.0,73.0,54.0,FALSE
Jul-14,0.0,79.0,56.0,FALSE
Jul-14,0.0,83.0,59.0,FALSE
Jul-14,0.0,87.0,59.0,FALSE
Jul-14,0.0,86.0,60.0,FALSE
Jul-14,0.0,85.0,58.0,FALSE
Jul-14,0.0,87.0,64.0,FALSE
Aug-14,0.0,84.0,59.0,FALSE
Aug-14,0.02,85.0,60.0,TRUE
Aug-14,0.0,89.0,58.0,FALSE
Aug-14,0.0,91.0,61.0,FALSE
Aug-14,0.0,77.0,57.0,FALSE
Aug-14,0.0,79.0,59.0,FALSE
Aug-14,0.0,78.0,56.0,FALSE
Aug-14,0.0,78.0,56.0,FALSE
Aug-14,0.0,81.0,60.0,FALSE
Aug-14,0.0,87.0,57.0,FALSE
Aug-14,0.02,96.0,64.0,TRUE
Aug-14,0.5,81.0,63.0,TRUE
Aug-14,0.85,74.0,59.0,TRUE
Aug-14,0.0,70.0,63.0,FALSE
Aug-14,0.04,76.0,62.0,TRUE
Aug-14,0.0,78.0,60.0,FALSE
Aug-14,0.0,82.0,59.0,FALSE
Aug-14,0.0,85.0,60.0,FALSE
Aug-14,0.0,81.0,60.0,FALSE
Aug-14,0.0,71.0,57.0,FALSE
Aug-14,0.0,70.0,52.0,FALSE
Aug-14,0.0,75.0,56.0,FALSE
Aug-14,0.0,82.0,57.0,FALSE
Aug-14,0.0,77.0,56.0,FALSE
Aug-14,0.0,84.0,58.0,FALSE
Aug-14,0.0,88.0,60.0,FALSE
Aug-14,0.0,84.0,61.0,FALSE
Aug-14,0.0,74.0,58.0,FALSE
Aug-14,0.0,73.0,59.0,FALSE
Aug-14,0.33,64.0,59.0,TRUE
Aug-14,0.05,70.0,57.0,TRUE
Sep-14,0.0,74.0,55.0,FALSE
Sep-14,0.12,68.0,57.0,TRUE
Sep-14,0.0,69.0,55.0,FALSE
Sep-14,0.0,75.0,52.0,FALSE
Sep-14,0.0,82.0,57.0,FALSE
Sep-14,0.0,90.0,59.0,FALSE
Sep-14,0.0,83.0,56.0,FALSE
Sep-14,0.0,70.0,56.0,FALSE
Sep-14,0.0,71.0,56.0,FALSE
Sep-14,0.0,72.0,54.0,FALSE
Sep-14,0.0,76.0,55.0,FALSE
Sep-14,0.0,76.0,55.0,FALSE
Sep-14,0.0,83.0,50.0,FALSE
Sep-14,0.0,86.0,53.0,FALSE
Sep-14,0.0,87.0,54.0,FALSE
Sep-14,0.0,72.0,57.0,FALSE
Sep-14,0.02,73.0,58.0,TRUE
Sep-14,0.01,67.0,59.0,TRUE
Sep-14,0.0,75.0,61.0,FALSE
Sep-14,0.0,76.0,58.0,FALSE
Sep-14,0.0,79.0,55.0,FALSE
Sep-14,0.01,72.0,59.0,TRUE
Sep-14,0.72,66.0,58.0,TRUE
Sep-14,0.8,66.0,58.0,TRUE
Sep-14,0.17,71.0,58.0,TRUE
Sep-14,0.35,68.0,57.0,TRUE
Sep-14,0.0,69.0,53.0,FALSE
Sep-14,0.0,66.0,54.0,FALSE
Sep-14,0.03,62.0,52.0,TRUE
Sep-14,0.0,67.0,54.0,FALSE
Oct-14,0.0,65.0,52.0,FALSE
Oct-14,0.0,67.0,50.0,FALSE
Oct-14,0.0,72.0,48.0,FALSE
Oct-14,0.0,71.0,54.0,FALSE
Oct-14,0.0,75.0,53.0,FALSE
Oct-14,0.0,78.0,56.0,FALSE
Oct-14,0.0,66.0,57.0,FALSE
Oct-14,0.0,69.0,55.0,FALSE
Oct-14,0.0,63.0,52.0,FALSE
Oct-14,0.01,65.0,50.0,TRUE
Oct-14,0.29,65.0,53.0,TRUE
Oct-14,0.0,64.0,53.0,FALSE
Oct-14,0.3,70.0,50.0,TRUE
Oct-14,0.28,62.0,53.0,TRUE
Oct-14,0.34,61.0,53.0,TRUE
Oct-14,0.0,69.0,52.0,FALSE
Oct-14,0.13,62.0,53.0,TRUE
Oct-14,0.59,67.0,57.0,TRUE
Oct-14,0.0,72.0,55.0,FALSE
Oct-14,0.46,61.0,54.0,TRUE
Oct-14,0.04,61.0,53.0,TRUE
Oct-14,1.26,60.0,53.0,TRUE
Oct-14,0.37,58.0,47.0,TRUE
Oct-14,0.16,58.0,48.0,TRUE
Oct-14,0.24,62.0,47.0,TRUE
Oct-14,0.06,55.0,46.0,TRUE
Oct-14,0.03,60.0,44.0,TRUE
Oct-14,0.5,59.0,49.0,TRUE
Oct-14,0.02,62.0,53.0,TRUE
Oct-14,1.0,60.0,52.0,TRUE
Oct-14,0.67,55.0,47.0,TRUE
Nov-14,0.0,52.0,45.0,FALSE
Nov-14,0.07,56.0,45.0,TRUE
Nov-14,0.43,57.0,52.0,TRUE
Nov-14,0.16,58.0,51.0,TRUE
Nov-14,0.19,59.0,51.0,TRUE
Nov-14,0.16,62.0,51.0,TRUE
Nov-14,0.0,58.0,45.0,FALSE
Nov-14,0.0,55.0,39.0,FALSE
Nov-14,0.2,56.0,46.0,TRUE
Nov-14,0.0,52.0,42.0,FALSE
Nov-14,0.0,46.0,34.0,FALSE
Nov-14,0.0,44.0,32.0,FALSE
Nov-14,0.0,45.0,33.0,FALSE
Nov-14,0.0,45.0,28.0,FALSE
Nov-14,0.0,47.0,29.0,FALSE
Nov-14,0.0,49.0,28.0,FALSE
Nov-14,0.0,51.0,28.0,FALSE
Nov-14,0.0,45.0,31.0,FALSE
Nov-14,0.0,52.0,36.0,FALSE
Nov-14,0.14,52.0,42.0,TRUE
Nov-14,0.6,52.0,47.0,TRUE
Nov-14,0.02,49.0,44.0,TRUE
Nov-14,0.47,55.0,42.0,TRUE
Nov-14,0.05,53.0,40.0,TRUE
Nov-14,0.72,57.0,49.0,TRUE
Nov-14,0.01,59.0,54.0,TRUE
Nov-14,0.13,58.0,53.0,TRUE
Nov-14,1.35,55.0,38.0,TRUE
Nov-14,0.14,40.0,24.0,TRUE
Nov-14,0.0,37.0,23.0,FALSE
Dec-14,0.0,40.0,26.0,FALSE
Dec-14,0.0,42.0,26.0,FALSE
Dec-14,0.0,50.0,32.0,FALSE
Dec-14,0.03,47.0,39.0,TRUE
Dec-14,0.12,55.0,44.0,TRUE
Dec-14,0.29,53.0,46.0,TRUE
Dec-14,0.0,58.0,43.0,FALSE
Dec-14,0.36,58.0,48.0,TRUE
Dec-14,0.39,61.0,51.0,TRUE
Dec-14,0.51,66.0,50.0,TRUE
Dec-14,0.27,58.0,47.0,TRUE
Dec-14,0.0,52.0,45.0,FALSE
Dec-14,0.0,50.0,39.0,FALSE
Dec-14,0.0,55.0,35.0,FALSE
Dec-14,0.0,54.0,44.0,FALSE
Dec-14,0.0,50.0,47.0,FALSE
Dec-14,0.11,48.0,43.0,TRUE
Dec-14,0.51,49.0,44.0,TRUE
Dec-14,0.12,52.0,45.0,TRUE
Dec-14,0.77,55.0,44.0,TRUE
Dec-14,0.0,55.0,50.0,FALSE
Dec-14,0.0,51.0,43.0,FALSE
Dec-14,0.81,54.0,41.0,TRUE
Dec-14,0.21,45.0,39.0,TRUE
Dec-14,0.0,46.0,37.0,FALSE
Dec-14,0.0,42.0,35.0,FALSE
Dec-14,0.13,49.0,40.0,TRUE
Dec-14,0.16,44.0,37.0,TRUE
Dec-14,0.0,43.0,33.0,FALSE
Dec-14,0.0,38.0,28.0,FALSE
Dec-14,0.0,38.0,27.0,FALSE
Jan-15,0.0,42.0,26.0,FALSE
Jan-15,0.06,42.0,32.0,TRUE
Jan-15,0.0,41.0,35.0,FALSE
Jan-15,0.4,51.0,38.0,TRUE
Jan-15,0.32,54.0,49.0,TRUE
Jan-15,0.0,54.0,43.0,FALSE
Jan-15,0.0,46.0,42.0,FALSE
Jan-15,0.0,46.0,35.0,FALSE
Jan-15,0.01,50.0,38.0,TRUE
Jan-15,0.23,46.0,43.0,TRUE
Jan-15,0.06,49.0,45.0,TRUE
Jan-15,0.0,52.0,40.0,FALSE
Jan-15,0.0,49.0,37.0,FALSE
Jan-15,0.0,43.0,33.0,FALSE
Jan-15,0.38,46.0,34.0,TRUE
Jan-15,0.0,53.0,42.0,FALSE
Jan-15,1.03,56.0,38.0,TRUE
Jan-15,0.84,57.0,45.0,TRUE
Jan-15,0.02,50.0,43.0,TRUE
Jan-15,0.0,50.0,38.0,FALSE
Jan-15,0.0,45.0,31.0,FALSE
Jan-15,0.03,49.0,43.0,TRUE
Jan-15,0.23,54.0,47.0,TRUE
Jan-15,0.02,58.0,52.0,TRUE
Jan-15,0.0,63.0,45.0,FALSE
Jan-15,0.0,61.0,43.0,FALSE
Jan-15,0.03,52.0,47.0,TRUE
Jan-15,0.0,54.0,41.0,FALSE
Jan-15,0.0,54.0,38.0,FALSE
Jan-15,0.0,47.0,34.0,FALSE
Jan-15,0.0,45.0,38.0,FALSE
Feb-15,0.06,49.0,40.0,TRUE
Feb-15,0.29,52.0,41.0,TRUE
Feb-15,0.05,50.0,42.0,TRUE
Feb-15,0.33,51.0,40.0,TRUE
Feb-15,1.03,56.0,47.0,TRUE
Feb-15,0.68,58.0,50.0,TRUE
Feb-15,0.93,54.0,49.0,TRUE
Feb-15,0.14,59.0,47.0,TRUE
Feb-15,0.24,56.0,47.0,TRUE
Feb-15,0.01,55.0,47.0,TRUE
Feb-15,0.0,55.0,42.0,FALSE
Feb-15,0.04,62.0,49.0,TRUE
Feb-15,0.0,60.0,44.0,FALSE
Feb-15,0.01,58.0,44.0,TRUE
Feb-15,0.0,54.0,39.0,FALSE
Feb-15,0.0,59.0,42.0,FALSE
Feb-15,0.0,61.0,40.0,FALSE
Feb-15,0.0,54.0,40.0,FALSE
Feb-15,0.18,51.0,47.0,TRUE
Feb-15,0.03,52.0,45.0,TRUE
Feb-15,0.0,54.0,42.0,FALSE
Feb-15,0.0,53.0,38.0,FALSE
Feb-15,0.0,55.0,33.0,FALSE
Feb-15,0.0,52.0,36.0,FALSE
Feb-15,0.16,50.0,44.0,TRUE
Feb-15,0.37,53.0,46.0,TRUE
Feb-15,0.72,50.0,44.0,TRUE
Feb-15,0.0,54.0,38.0,FALSE
Mar-15,0.0,52.0,34.0,FALSE
Mar-15,0.0,52.0,40.0,FALSE
Mar-15,0.0,51.0,32.0,FALSE
Mar-15,0.0,55.0,31.0,FALSE
Mar-15,0.0,56.0,37.0,FALSE
Mar-15,0.0,59.0,38.0,FALSE
Mar-15,0.0,62.0,39.0,FALSE
Mar-15,0.0,63.0,39.0,FALSE
Mar-15,0.0,58.0,40.0,FALSE
Mar-15,0.03,56.0,41.0,TRUE
Mar-15,0.1,58.0,48.0,TRUE
Mar-15,0.0,64.0,49.0,FALSE
Mar-15,0.08,63.0,46.0,TRUE
Mar-15,0.67,57.0,49.0,TRUE
Mar-15,2.2,51.0,43.0,TRUE
Mar-15,0.04,57.0,43.0,TRUE
Mar-15,0.03,56.0,40.0,TRUE
Mar-15,0.0,60.0,45.0,FALSE
Mar-15,0.0,60.0,47.0,FALSE
Mar-15,0.16,57.0,48.0,TRUE
Mar-15,0.15,56.0,47.0,TRUE
Mar-15,0.04,53.0,43.0,TRUE
Mar-15,0.32,52.0,42.0,TRUE
Mar-15,0.3,55.0,43.0,TRUE
Mar-15,0.2,58.0,45.0,TRUE
Mar-15,0.0,69.0,50.0,FALSE
Mar-15,0.04,65.0,48.0,TRUE
Mar-15,0.0,60.0,49.0,FALSE
Mar-15,0.0,60.0,48.0,FALSE
Mar-15,0.07,64.0,51.0,TRUE
Mar-15,0.04,55.0,43.0,TRUE
Apr-15,0.2,55.0,42.0,TRUE
Apr-15,0.0,56.0,42.0,FALSE
Apr-15,0.06,52.0,41.0,TRUE
Apr-15,0.0,55.0,39.0,FALSE
Apr-15,0.0,62.0,37.0,FALSE
Apr-15,0.04,57.0,44.0,TRUE
Apr-15,0.02,58.0,44.0,TRUE
Apr-15,0.0,63.0,43.0,FALSE
Apr-15,0.0,63.0,43.0,FALSE
Apr-15,0.43,57.0,46.0,TRUE
Apr-15,0.0,53.0,42.0,FALSE
Apr-15,0.0,56.0,42.0,FALSE
Apr-15,0.55,53.0,39.0,TRUE
Apr-15,0.13,53.0,37.0,TRUE
Apr-15,0.0,57.0,38.0,FALSE
Apr-15,0.0,64.0,39.0,FALSE
Apr-15,0.0,66.0,43.0,FALSE
Apr-15,0.0,66.0,47.0,FALSE
Apr-15,0.0,70.0,47.0,FALSE
Apr-15,0.0,73.0,46.0,FALSE
Apr-15,0.22,63.0,44.0,TRUE
Apr-15,0.0,60.0,41.0,FALSE
Apr-15,0.12,54.0,44.0,TRUE
Apr-15,0.13,54.0,43.0,TRUE
Apr-15,0.05,56.0,42.0,TRUE
Apr-15,0.0,60.0,40.0,FALSE
Apr-15,0.01,77.0,51.0,TRUE
Apr-15,0.07,60.0,48.0,TRUE
Apr-15,0.0,61.0,45.0,FALSE
Apr-15,0.0,63.0,46.0,FALSE
May-15,0.0,65.0,48.0,FALSE
May-15,0.0,65.0,46.0,FALSE
May-15,0.0,69.0,46.0,FALSE
May-15,0.0,63.0,45.0,FALSE
May-15,0.24,58.0,45.0,TRUE
May-15,0.0,62.0,45.0,FALSE
May-15,0.0,69.0,43.0,FALSE
May-15,0.0,75.0,47.0,FALSE
May-15,0.0,80.0,49.0,FALSE
May-15,0.0,67.0,52.0,FALSE
May-15,0.0,57.0,50.0,FALSE
May-15,0.17,60.0,51.0,TRUE
May-15,0.16,54.0,50.0,TRUE
May-15,0.01,64.0,49.0,TRUE
May-15,0.0,68.0,49.0,FALSE
May-15,0.0,60.0,52.0,FALSE
May-15,0.0,67.0,51.0,FALSE
May-15,0.0,78.0,54.0,FALSE
May-15,0.0,71.0,53.0,FALSE
May-15,0.0,74.0,51.0,FALSE
May-15,0.0,78.0,53.0,FALSE
May-15,0.0,62.0,53.0,FALSE
May-15,0.0,61.0,53.0,FALSE
May-15,0.0,64.0,52.0,FALSE
May-15,0.0,60.0,52.0,FALSE
May-15,0.0,71.0,53.0,FALSE
May-15,0.0,76.0,53.0,FALSE
May-15,0.0,82.0,54.0,FALSE
May-15,0.0,79.0,55.0,FALSE
May-15,0.0,73.0,50.0,FALSE
May-15,0.0,77.0,53.0,FALSE
Jun-15,0.18,61.0,53.0,TRUE
Jun-15,0.02,64.0,55.0,TRUE
Jun-15,0.0,68.0,53.0,FALSE
Jun-15,0.0,73.0,53.0,FALSE
Jun-15,0.0,80.0,55.0,FALSE
Jun-15,0.0,85.0,56.0,FALSE
Jun-15,0.0,88.0,60.0,FALSE
Jun-15,0.0,87.0,58.0,FALSE
Jun-15,0.0,84.0,58.0,FALSE
Jun-15,0.0,78.0,52.0,FALSE
Jun-15,0.0,76.0,52.0,FALSE
Jun-15,0.0,68.0,53.0,FALSE
Jun-15,0.0,75.0,49.0,FALSE
Jun-15,0.0,82.0,53.0,FALSE
Jun-15,0.0,86.0,61.0,FALSE
Jun-15,0.0,73.0,52.0,FALSE
Jun-15,0.0,77.0,52.0,FALSE
Jun-15,0.0,76.0,57.0,FALSE
Jun-15,0.02,75.0,56.0,TRUE
Jun-15,0.0,77.0,55.0,FALSE
Jun-15,0.0,78.0,57.0,FALSE
Jun-15,0.0,77.0,55.0,FALSE
Jun-15,0.0,79.0,53.0,FALSE
Jun-15,0.0,78.0,61.0,FALSE
Jun-15,0.0,87.0,60.0,FALSE
Jun-15,0.0,89.0,64.0,FALSE
Jun-15,0.0,92.0,63.0,FALSE
Jun-15,0.01,83.0,65.0,TRUE
Jun-15,0.0,84.0,63.0,FALSE
Jun-15,0.0,87.0,59.0,FALSE
Jul-15,0.0,90.0,63.0,FALSE
Jul-15,0.0,93.0,64.0,FALSE
Jul-15,0.0,92.0,64.0,FALSE
Jul-15,0.0,92.0,59.0,FALSE
Jul-15,0.0,91.0,62.0,FALSE
Jul-15,0.0,85.0,60.0,FALSE
Jul-15,0.0,81.0,57.0,FALSE
Jul-15,0.0,86.0,58.0,FALSE
Jul-15,0.0,84.0,58.0,FALSE
Jul-15,0.0,70.0,62.0,FALSE
Jul-15,0.0,72.0,62.0,FALSE
Jul-15,0.0,79.0,62.0,FALSE
Jul-15,0.0,78.0,61.0,FALSE
Jul-15,0.0,82.0,61.0,FALSE
Jul-15,0.0,79.0,58.0,FALSE
Jul-15,0.0,79.0,59.0,FALSE
Jul-15,0.0,82.0,57.0,FALSE
Jul-15,0.0,92.0,64.0,FALSE
Jul-15,0.0,95.0,63.0,FALSE
Jul-15,0.0,80.0,62.0,FALSE
Jul-15,0.0,75.0,59.0,FALSE
Jul-15,0.0,75.0,57.0,FALSE
Jul-15,0.0,79.0,58.0,FALSE
Jul-15,0.01,73.0,56.0,TRUE
Jul-15,0.0,70.0,58.0,FALSE
Jul-15,0.08,72.0,57.0,TRUE
Jul-15,0.0,74.0,54.0,FALSE
Jul-15,0.0,82.0,57.0,FALSE
Jul-15,0.0,90.0,58.0,FALSE
Jul-15,0.0,94.0,63.0,FALSE
Jul-15,0.0,94.0,64.0,FALSE
Aug-15,0.0,92.0,60.0,FALSE
Aug-15,0.0,87.0,61.0,FALSE
Aug-15,0.0,83.0,63.0,FALSE
Aug-15,0.0,79.0,58.0,FALSE
Aug-15,0.0,74.0,54.0,FALSE
Aug-15,0.0,77.0,59.0,FALSE
Aug-15,0.0,83.0,60.0,FALSE
Aug-15,0.0,77.0,60.0,FALSE
Aug-15,0.0,83.0,59.0,FALSE
Aug-15,0.0,84.0,61.0,FALSE
Aug-15,0.0,86.0,62.0,FALSE
Aug-15,0.3,83.0,62.0,TRUE
Aug-15,0.0,83.0,60.0,FALSE
Aug-15,1.2,65.0,59.0,TRUE
Aug-15,0.0,71.0,57.0,FALSE
Aug-15,0.0,77.0,58.0,FALSE
Aug-15,0.0,81.0,57.0,FALSE
Aug-15,0.0,86.0,59.0,FALSE
Aug-15,0.0,89.0,61.0,FALSE
Aug-15,0.08,73.0,58.0,TRUE
Aug-15,0.0,72.0,58.0,FALSE
Aug-15,0.0,80.0,54.0,FALSE
Aug-15,0.0,82.0,57.0,FALSE
Aug-15,0.0,75.0,54.0,FALSE
Aug-15,0.0,78.0,54.0,FALSE
Aug-15,0.0,83.0,57.0,FALSE
Aug-15,0.0,85.0,58.0,FALSE
Aug-15,0.02,74.0,60.0,TRUE
Aug-15,1.28,72.0,56.0,TRUE
Aug-15,0.4,68.0,55.0,TRUE
Aug-15,0.0,66.0,61.0,FALSE
Sep-15,0.23,67.0,57.0,TRUE
Sep-15,0.0,67.0,52.0,FALSE
Sep-15,0.0,65.0,51.0,FALSE
Sep-15,0.0,65.0,50.0,FALSE
Sep-15,0.01,69.0,48.0,TRUE
Sep-15,0.21,61.0,53.0,TRUE
Sep-15,0.01,70.0,56.0,TRUE
Sep-15,0.0,73.0,56.0,FALSE
Sep-15,0.0,76.0,57.0,FALSE
Sep-15,0.0,77.0,58.0,FALSE
Sep-15,0.0,81.0,59.0,FALSE
Sep-15,0.0,80.0,58.0,FALSE
Sep-15,0.02,69.0,55.0,TRUE
Sep-15,0.0,62.0,51.0,FALSE
Sep-15,0.0,64.0,50.0,FALSE
Sep-15,0.04,68.0,50.0,TRUE
Sep-15,0.07,65.0,55.0,TRUE
Sep-15,0.0,67.0,55.0,FALSE
Sep-15,0.0,70.0,58.0,FALSE
Sep-15,0.16,73.0,54.0,TRUE
Sep-15,0.0,65.0,49.0,FALSE
Sep-15,0.0,66.0,46.0,FALSE
Sep-15,0.0,69.0,47.0,FALSE
Sep-15,0.0,72.0,52.0,FALSE
Sep-15,0.08,60.0,55.0,TRUE
Sep-15,0.0,65.0,50.0,FALSE
Sep-15,0.0,64.0,45.0,FALSE
Sep-15,0.0,70.0,49.0,FALSE
Sep-15,0.0,71.0,48.0,FALSE
Sep-15,0.0,65.0,50.0,FALSE
Oct-15,0.0,70.0,49.0,FALSE
Oct-15,0.0,60.0,50.0,FALSE
Oct-15,0.0,67.0,52.0,FALSE
Oct-15,0.0,73.0,50.0,FALSE
Oct-15,0.0,74.0,49.0,FALSE
Oct-15,0.0,65.0,50.0,FALSE
Oct-15,0.39,61.0,57.0,TRUE
Oct-15,0.0,66.0,56.0,FALSE
Oct-15,0.01,67.0,54.0,TRUE
Oct-15,1.13,70.0,56.0,TRUE
Oct-15,0.0,64.0,51.0,FALSE
Oct-15,0.18,65.0,51.0,TRUE
Oct-15,0.05,62.0,49.0,TRUE
Oct-15,0.0,59.0,50.0,FALSE
Oct-15,0.0,70.0,49.0,FALSE
Oct-15,0.0,68.0,48.0,FALSE
Oct-15,0.01,67.0,53.0,TRUE
Oct-15,0.15,59.0,55.0,TRUE
Oct-15,0.01,63.0,54.0,TRUE
Oct-15,0.0,64.0,51.0,FALSE
Oct-15,0.0,61.0,47.0,FALSE
Oct-15,0.0,61.0,48.0,FALSE
Oct-15,0.0,55.0,45.0,FALSE
Oct-15,0.0,59.0,48.0,FALSE
Oct-15,0.35,67.0,48.0,TRUE
Oct-15,0.27,54.0,50.0,TRUE
Oct-15,0.0,61.0,46.0,FALSE
Oct-15,0.13,57.0,52.0,TRUE
Oct-15,0.07,59.0,54.0,TRUE
Oct-15,0.76,63.0,53.0,TRUE
Oct-15,1.3,60.0,53.0,TRUE
Nov-15,1.03,54.0,48.0,TRUE
Nov-15,0.01,52.0,45.0,TRUE
Nov-15,0.03,51.0,41.0,TRUE
Nov-15,0.0,50.0,38.0,FALSE
Nov-15,0.05,53.0,46.0,TRUE
Nov-15,0.0,60.0,47.0,FALSE
Nov-15,0.5,54.0,49.0,TRUE
Nov-15,0.26,52.0,46.0,TRUE
Nov-15,0.13,50.0,41.0,TRUE
Nov-15,0.05,52.0,39.0,TRUE
Nov-15,0.06,52.0,43.0,TRUE
Nov-15,0.39,52.0,41.0,TRUE
Nov-15,1.32,56.0,49.0,TRUE
Nov-15,1.86,49.0,43.0,TRUE
Nov-15,0.88,48.0,36.0,TRUE
Nov-15,0.08,48.0,35.0,TRUE
Nov-15,1.16,56.0,44.0,TRUE
Nov-15,0.06,48.0,38.0,TRUE
Nov-15,0.08,48.0,37.0,TRUE
Nov-15,0.0,47.0,33.0,FALSE
Nov-15,0.0,48.0,33.0,FALSE
Nov-15,0.0,50.0,35.0,FALSE
Nov-15,0.12,44.0,32.0,TRUE
Nov-15,0.28,44.0,37.0,TRUE
Nov-15,0.0,45.0,32.0,FALSE
Nov-15,0.0,49.0,30.0,FALSE
Nov-15,0.0,49.0,29.0,FALSE
Nov-15,0.0,45.0,27.0,FALSE
Nov-15,0.0,35.0,28.0,FALSE
Nov-15,0.02,42.0,25.0,TRUE
Dec-15,0.48,50.0,39.0,TRUE
Dec-15,0.1,51.0,40.0,TRUE
Dec-15,0.5,60.0,46.0,TRUE
Dec-15,0.08,51.0,43.0,TRUE
Dec-15,0.62,50.0,43.0,TRUE
Dec-15,0.44,55.0,45.0,TRUE
Dec-15,1.08,52.0,47.0,TRUE
Dec-15,2.13,60.0,50.0,TRUE
Dec-15,0.53,54.0,46.0,TRUE
Dec-15,0.37,53.0,43.0,TRUE
Dec-15,0.01,49.0,40.0,TRUE
Dec-15,0.63,48.0,42.0,TRUE
Dec-15,0.05,46.0,43.0,TRUE
Dec-15,0.0,46.0,35.0,FALSE
Dec-15,0.06,44.0,34.0,TRUE
Dec-15,0.14,43.0,37.0,TRUE
Dec-15,0.86,44.0,39.0,TRUE
Dec-15,0.73,48.0,40.0,TRUE
Dec-15,0.0,47.0,37.0,FALSE
Dec-15,0.17,46.0,40.0,TRUE
Dec-15,1.08,42.0,37.0,TRUE
Dec-15,0.18,46.0,37.0,TRUE
Dec-15,0.24,41.0,37.0,TRUE
Dec-15,0.1,42.0,36.0,TRUE
Dec-15,0.23,41.0,36.0,TRUE
Dec-15,0.0,40.0,32.0,FALSE
Dec-15,0.34,40.0,35.0,TRUE
Dec-15,0.06,41.0,35.0,TRUE
Dec-15,0.0,45.0,33.0,FALSE
Dec-15,0.0,42.0,30.0,FALSE
Dec-15,0.0,42.0,28.0,FALSE
Jan-16,0.0,46.0,28.0,FALSE
Jan-16,0.0,42.0,25.0,FALSE
Jan-16,0.02,40.0,31.0,TRUE
Jan-16,0.15,38.0,35.0,TRUE
Jan-16,0.11,46.0,36.0,TRUE
Jan-16,0.0,53.0,37.0,FALSE
Jan-16,0.0,44.0,34.0,FALSE
Jan-16,0.0,48.0,36.0,FALSE
Jan-16,0.0,49.0,30.0,FALSE
Jan-16,0.0,52.0,38.0,FALSE
Jan-16,0.16,47.0,35.0,TRUE
Jan-16,0.51,48.0,40.0,TRUE
Jan-16,0.75,54.0,41.0,TRUE
Jan-16,0.0,48.0,36.0,FALSE
Jan-16,0.05,47.0,33.0,TRUE
Jan-16,0.4,52.0,42.0,TRUE
Jan-16,0.33,49.0,43.0,TRUE
Jan-16,0.06,52.0,43.0,TRUE
Jan-16,0.49,47.0,42.0,TRUE
Jan-16,0.27,50.0,40.0,TRUE
Jan-16,1.15,53.0,45.0,TRUE
Jan-16,0.26,55.0,44.0,TRUE
Jan-16,0.77,46.0,43.0,TRUE
Jan-16,0.0,50.0,37.0,FALSE
Jan-16,0.0,55.0,38.0,FALSE
Jan-16,0.3,56.0,46.0,TRUE
Jan-16,0.82,58.0,49.0,TRUE
Jan-16,0.61,56.0,46.0,TRUE
Jan-16,0.19,49.0,41.0,TRUE
Jan-16,0.05,46.0,38.0,TRUE
Jan-16,0.0,45.0,37.0,FALSE
Feb-16,0.01,45.0,38.0,TRUE
Feb-16,0.01,50.0,35.0,TRUE
Feb-16,0.53,47.0,39.0,TRUE
Feb-16,0.33,49.0,42.0,TRUE
Feb-16,0.14,52.0,39.0,TRUE
Feb-16,0.0,48.0,39.0,FALSE
Feb-16,0.0,52.0,34.0,FALSE
Feb-16,0.0,59.0,39.0,FALSE
Feb-16,0.0,63.0,38.0,FALSE
Feb-16,0.13,56.0,46.0,TRUE
Feb-16,0.48,55.0,45.0,TRUE
Feb-16,0.8,57.0,47.0,TRUE
Feb-16,0.49,50.0,43.0,TRUE
Feb-16,0.15,53.0,47.0,TRUE
Feb-16,0.46,54.0,49.0,TRUE
Feb-16,0.0,54.0,48.0,FALSE
Feb-16,0.47,63.0,47.0,TRUE
Feb-16,0.12,51.0,44.0,TRUE
Feb-16,0.4,50.0,39.0,TRUE
Feb-16,0.0,51.0,38.0,FALSE
Feb-16,0.05,50.0,35.0,TRUE
Feb-16,0.17,51.0,36.0,TRUE
Feb-16,0.0,58.0,34.0,FALSE
Feb-16,0.02,57.0,43.0,TRUE
Feb-16,0.0,62.0,39.0,FALSE
Feb-16,0.17,57.0,44.0,TRUE
Feb-16,0.13,56.0,47.0,TRUE
Feb-16,0.82,50.0,40.0,TRUE
Feb-16,0.09,53.0,42.0,TRUE
Mar-16,0.81,57.0,43.0,TRUE
Mar-16,0.28,54.0,45.0,TRUE
Mar-16,0.03,58.0,48.0,TRUE
Mar-16,0.16,55.0,42.0,TRUE
Mar-16,0.19,64.0,47.0,TRUE
Mar-16,0.16,59.0,43.0,TRUE
Mar-16,0.2,51.0,40.0,TRUE
Mar-16,0.14,53.0,39.0,TRUE
Mar-16,0.93,55.0,42.0,TRUE
Mar-16,0.23,55.0,42.0,TRUE
Mar-16,0.32,60.0,36.0,TRUE
Mar-16,0.15,50.0,40.0,TRUE
Mar-16,0.62,54.0,39.0,TRUE
Mar-16,0.25,47.0,39.0,TRUE
Mar-16,0.0,50.0,38.0,FALSE
Mar-16,0.0,53.0,39.0,FALSE
Mar-16,0.0,57.0,34.0,FALSE
Mar-16,0.0,63.0,47.0,FALSE
Mar-16,0.0,61.0,50.0,FALSE
Mar-16,0.17,54.0,48.0,TRUE
Mar-16,0.34,55.0,46.0,TRUE
Mar-16,0.0,55.0,44.0,FALSE
Mar-16,0.23,51.0,45.0,TRUE
Mar-16,0.0,52.0,43.0,FALSE
Mar-16,0.0,56.0,43.0,FALSE
Mar-16,0.13,58.0,42.0,TRUE
Mar-16,0.18,55.0,40.0,TRUE
Mar-16,0.0,55.0,38.0,FALSE
Mar-16,0.0,63.0,40.0,FALSE
Mar-16,0.0,68.0,42.0,FALSE
Mar-16,0.0,71.0,47.0,FALSE
Apr-16,0.0,71.0,48.0,FALSE
Apr-16,0.0,62.0,46.0,FALSE
Apr-16,0.16,68.0,45.0,TRUE
Apr-16,0.03,58.0,45.0,TRUE
Apr-16,0.0,56.0,44.0,FALSE
Apr-16,0.0,69.0,44.0,FALSE
Apr-16,0.0,78.0,50.0,FALSE
Apr-16,0.0,76.0,50.0,FALSE
Apr-16,0.0,64.0,47.0,FALSE
Apr-16,0.0,58.0,46.0,FALSE
Apr-16,0.0,58.0,48.0,FALSE
Apr-16,0.32,57.0,44.0,TRUE
Apr-16,0.1,58.0,44.0,TRUE
Apr-16,0.15,59.0,44.0,TRUE
Apr-16,0.0,59.0,47.0,FALSE
Apr-16,0.0,67.0,44.0,FALSE
Apr-16,0.0,80.0,48.0,FALSE
Apr-16,0.0,89.0,54.0,FALSE
Apr-16,0.0,84.0,56.0,FALSE
Apr-16,0.0,81.0,53.0,FALSE
Apr-16,0.0,72.0,51.0,FALSE
Apr-16,0.0,62.0,52.0,FALSE
Apr-16,0.01,64.0,51.0,TRUE
Apr-16,0.3,55.0,46.0,TRUE
Apr-16,0.11,59.0,44.0,TRUE
Apr-16,0.0,59.0,43.0,FALSE
Apr-16,0.0,63.0,48.0,FALSE
Apr-16,0.0,63.0,50.0,FALSE
Apr-16,0.01,61.0,48.0,TRUE
Apr-16,0.0,67.0,45.0,FALSE
May-16,0.0,79.0,50.0,FALSE
May-16,0.0,87.0,54.0,FALSE
May-16,0.0,72.0,56.0,FALSE
May-16,0.0,60.0,52.0,FALSE
May-16,0.0,68.0,48.0,FALSE
May-16,0.0,77.0,50.0,FALSE
May-16,0.0,82.0,52.0,FALSE
May-16,0.03,66.0,48.0,TRUE
May-16,0.0,67.0,46.0,FALSE
May-16,0.0,75.0,47.0,FALSE
May-16,0.0,80.0,52.0,FALSE
May-16,0.0,76.0,49.0,FALSE
May-16,0.0,84.0,50.0,FALSE
May-16,0.02,58.0,53.0,TRUE
May-16,0.02,56.0,52.0,TRUE
May-16,0.06,59.0,50.0,TRUE
May-16,0.0,69.0,51.0,FALSE
May-16,0.0,65.0,51.0,FALSE
May-16,0.5,63.0,48.0,TRUE
May-16,0.0,66.0,49.0,FALSE
May-16,0.21,58.0,50.0,TRUE
May-16,0.0,66.0,52.0,FALSE
May-16,0.0,66.0,53.0,FALSE
May-16,0.0,66.0,55.0,FALSE
May-16,0.0,65.0,53.0,FALSE
May-16,0.0,62.0,51.0,FALSE
May-16,0.0,64.0,49.0,FALSE
May-16,0.1,62.0,49.0,TRUE
May-16,0.0,64.0,52.0,FALSE
May-16,0.0,72.0,48.0,FALSE
May-16,0.0,80.0,52.0,FALSE
Jun-16,0.04,74.0,55.0,TRUE
Jun-16,0.01,70.0,58.0,TRUE
Jun-16,0.0,82.0,56.0,FALSE
Jun-16,0.0,85.0,62.0,FALSE
Jun-16,0.0,93.0,64.0,FALSE
Jun-16,0.0,88.0,62.0,FALSE
Jun-16,0.0,84.0,59.0,FALSE
Jun-16,0.01,67.0,55.0,TRUE
Jun-16,0.13,64.0,51.0,TRUE
Jun-16,0.18,65.0,49.0,TRUE
Jun-16,0.0,67.0,50.0,FALSE
Jun-16,0.0,70.0,53.0,FALSE
Jun-16,0.0,65.0,49.0,FALSE
Jun-16,0.02,60.0,47.0,TRUE
Jun-16,0.0,66.0,44.0,FALSE
Jun-16,0.0,70.0,51.0,FALSE
Jun-16,0.14,69.0,50.0,TRUE
Jun-16,0.0,66.0,52.0,FALSE
Jun-16,0.0,72.0,48.0,FALSE
Jun-16,0.55,75.0,55.0,TRUE
Jun-16,0.0,71.0,54.0,FALSE
Jun-16,0.0,75.0,55.0,FALSE
Jun-16,0.35,68.0,53.0,TRUE
Jun-16,0.34,69.0,52.0,TRUE
Jun-16,0.0,72.0,56.0,FALSE
Jun-16,0.0,80.0,56.0,FALSE
Jun-16,0.0,85.0,58.0,FALSE
Jun-16,0.0,76.0,54.0,FALSE
Jun-16,0.0,72.0,55.0,FALSE
Jun-16,0.0,73.0,55.0,FALSE
Jul-16,0.0,75.0,55.0,FALSE
Jul-16,0.0,75.0,57.0,FALSE
Jul-16,0.0,71.0,56.0,FALSE
Jul-16,0.0,69.0,56.0,FALSE
Jul-16,0.0,67.0,55.0,FALSE
Jul-16,0.01,76.0,56.0,TRUE
Jul-16,0.12,68.0,58.0,TRUE
Jul-16,0.24,72.0,58.0,TRUE
Jul-16,0.01,71.0,56.0,TRUE
Jul-16,0.0,73.0,56.0,FALSE
Jul-16,0.0,73.0,57.0,FALSE
Jul-16,0.0,76.0,59.0,FALSE
Jul-16,0.0,74.0,57.0,FALSE
Jul-16,0.0,76.0,57.0,FALSE
Jul-16,0.0,76.0,56.0,FALSE
Jul-16,0.0,73.0,57.0,FALSE
Jul-16,0.0,79.0,58.0,FALSE
Jul-16,0.01,71.0,60.0,TRUE
Jul-16,0.0,77.0,60.0,FALSE
Jul-16,0.0,80.0,60.0,FALSE
Jul-16,0.0,84.0,58.0,FALSE
Jul-16,0.33,73.0,59.0,TRUE
Jul-16,0.0,73.0,58.0,FALSE
Jul-16,0.0,81.0,58.0,FALSE
Jul-16,0.0,86.0,59.0,FALSE
Jul-16,0.0,78.0,59.0,FALSE
Jul-16,0.0,84.0,56.0,FALSE
Jul-16,0.0,88.0,61.0,FALSE
Jul-16,0.0,89.0,62.0,FALSE
Jul-16,0.0,75.0,57.0,FALSE
Jul-16,0.0,72.0,56.0,FALSE
Aug-16,0.0,77.0,53.0,FALSE
Aug-16,0.13,71.0,57.0,TRUE
Aug-16,0.0,76.0,58.0,FALSE
Aug-16,0.0,82.0,56.0,FALSE
Aug-16,0.0,79.0,57.0,FALSE
Aug-16,0.0,71.0,54.0,FALSE
Aug-16,0.03,69.0,57.0,TRUE
Aug-16,0.0,73.0,56.0,FALSE
Aug-16,0.0,71.0,58.0,FALSE
Aug-16,0.0,76.0,58.0,FALSE
Aug-16,0.0,81.0,58.0,FALSE
Aug-16,0.0,90.0,63.0,FALSE
Aug-16,0.0,91.0,64.0,FALSE
Aug-16,0.0,85.0,57.0,FALSE
Aug-16,0.0,83.0,57.0,FALSE
Aug-16,0.0,83.0,56.0,FALSE
Aug-16,0.0,80.0,56.0,FALSE
Aug-16,0.0,87.0,60.0,FALSE
Aug-16,0.0,95.0,69.0,FALSE
Aug-16,0.0,91.0,62.0,FALSE
Aug-16,0.0,73.0,57.0,FALSE
Aug-16,0.0,72.0,55.0,FALSE
Aug-16,0.0,80.0,54.0,FALSE
Aug-16,0.0,85.0,58.0,FALSE
Aug-16,0.0,91.0,61.0,FALSE
Aug-16,0.0,92.0,64.0,FALSE
Aug-16,0.0,73.0,58.0,FALSE
Aug-16,0.0,70.0,55.0,FALSE
Aug-16,0.0,79.0,53.0,FALSE
Aug-16,0.0,71.0,56.0,FALSE
Aug-16,0.01,69.0,58.0,TRUE
Sep-16,0.17,66.0,56.0,TRUE
Sep-16,0.05,69.0,55.0,TRUE
Sep-16,0.0,69.0,54.0,FALSE
Sep-16,0.0,70.0,51.0,FALSE
Sep-16,0.01,64.0,54.0,TRUE
Sep-16,0.42,65.0,55.0,TRUE
Sep-16,0.04,66.0,57.0,TRUE
Sep-16,0.03,70.0,55.0,TRUE
Sep-16,0.0,73.0,50.0,FALSE
Sep-16,0.0,77.0,54.0,FALSE
Sep-16,0.0,70.0,55.0,FALSE
Sep-16,0.0,75.0,54.0,FALSE
Sep-16,0.0,77.0,51.0,FALSE
Sep-16,0.0,78.0,51.0,FALSE
Sep-16,0.0,72.0,52.0,FALSE
Sep-16,0.0,74.0,52.0,FALSE
Sep-16,0.22,67.0,57.0,TRUE
Sep-16,0.0,68.0,54.0,FALSE
Sep-16,0.08,68.0,53.0,TRUE
Sep-16,0.0,67.0,49.0,FALSE
Sep-16,0.0,68.0,52.0,FALSE
Sep-16,0.0,65.0,49.0,FALSE
Sep-16,0.01,63.0,53.0,TRUE
Sep-16,0.0,66.0,53.0,FALSE
Sep-16,0.0,76.0,58.0,FALSE
Sep-16,0.0,77.0,53.0,FALSE
Sep-16,0.02,69.0,54.0,TRUE
Sep-16,0.0,67.0,52.0,FALSE
Sep-16,0.0,66.0,47.0,FALSE
Sep-16,0.0,65.0,46.0,FALSE
Oct-16,0.05,63.0,50.0,TRUE
Oct-16,0.0,63.0,50.0,FALSE
Oct-16,0.0,60.0,49.0,FALSE
Oct-16,0.13,60.0,52.0,TRUE
Oct-16,0.04,65.0,52.0,TRUE
Oct-16,0.31,62.0,53.0,TRUE
Oct-16,0.11,63.0,53.0,TRUE
Oct-16,0.61,65.0,52.0,TRUE
Oct-16,0.06,56.0,48.0,TRUE
Oct-16,0.0,60.0,45.0,FALSE
Oct-16,0.0,62.0,43.0,FALSE
Oct-16,0.01,66.0,43.0,TRUE
Oct-16,1.75,59.0,51.0,TRUE
Oct-16,1.36,57.0,50.0,TRUE
Oct-16,0.73,62.0,50.0,TRUE
Oct-16,0.56,60.0,50.0,TRUE
Oct-16,0.17,59.0,50.0,TRUE
Oct-16,0.08,58.0,49.0,TRUE
Oct-16,0.22,58.0,45.0,TRUE
Oct-16,1.19,60.0,50.0,TRUE
Oct-16,0.02,57.0,48.0,TRUE
Oct-16,0.05,62.0,44.0,TRUE
Oct-16,0.12,62.0,49.0,TRUE
Oct-16,0.1,63.0,51.0,TRUE
Oct-16,0.0,63.0,50.0,FALSE
Oct-16,1.23,58.0,52.0,TRUE
Oct-16,0.04,58.0,52.0,TRUE
Oct-16,0.0,67.0,50.0,FALSE
Oct-16,0.19,60.0,48.0,TRUE
Oct-16,0.26,52.0,44.0,TRUE
Oct-16,0.66,57.0,49.0,TRUE
Nov-16,0.22,56.0,50.0,TRUE
Nov-16,0.46,56.0,51.0,TRUE
Nov-16,0.0,65.0,48.0,FALSE
Nov-16,0.0,63.0,42.0,FALSE
Nov-16,1.31,60.0,51.0,TRUE
Nov-16,0.12,60.0,48.0,TRUE
Nov-16,0.04,66.0,50.0,TRUE
Nov-16,0.0,70.0,49.0,FALSE
Nov-16,0.24,64.0,51.0,TRUE
Nov-16,0.0,62.0,45.0,FALSE
Nov-16,0.0,61.0,52.0,FALSE
Nov-16,0.1,58.0,48.0,TRUE
Nov-16,0.24,54.0,47.0,TRUE
Nov-16,0.31,57.0,50.0,TRUE
Nov-16,1.08,54.0,46.0,TRUE
Nov-16,0.2,50.0,43.0,TRUE
Nov-16,0.0,51.0,41.0,FALSE
Nov-16,0.0,54.0,39.0,FALSE
Nov-16,0.04,57.0,48.0,TRUE
Nov-16,0.01,57.0,47.0,TRUE
Nov-16,0.02,53.0,44.0,TRUE
Nov-16,0.45,53.0,43.0,TRUE
Nov-16,0.13,48.0,42.0,TRUE
Nov-16,0.66,51.0,46.0,TRUE
Nov-16,0.01,52.0,41.0,TRUE
Nov-16,0.38,51.0,43.0,TRUE
Nov-16,0.32,47.0,42.0,TRUE
Nov-16,0.0,50.0,40.0,FALSE
Nov-16,0.04,51.0,41.0,TRUE
Nov-16,0.1,50.0,43.0,TRUE
Dec-16,0.01,46.0,40.0,TRUE
Dec-16,0.27,49.0,44.0,TRUE
Dec-16,0.18,48.0,44.0,TRUE
Dec-16,0.17,45.0,35.0,TRUE
Dec-16,0.24,39.0,33.0,TRUE
Dec-16,0.0,40.0,31.0,FALSE
Dec-16,0.0,38.0,28.0,FALSE
Dec-16,0.06,38.0,30.0,TRUE
Dec-16,0.34,36.0,31.0,TRUE
Dec-16,0.18,44.0,35.0,TRUE
Dec-16,0.09,42.0,39.0,TRUE
Dec-16,0.09,42.0,37.0,TRUE
Dec-16,0.0,38.0,31.0,FALSE
Dec-16,0.0,39.0,30.0,FALSE
Dec-16,0.0,38.0,32.0,FALSE
Dec-16,0.0,34.0,25.0,FALSE
Dec-16,0.0,33.0,23.0,FALSE
Dec-16,0.0,39.0,27.0,FALSE
Dec-16,0.81,45.0,35.0,TRUE
Dec-16,0.01,50.0,40.0,TRUE
Dec-16,0.0,47.0,34.0,FALSE
Dec-16,0.3,44.0,33.0,TRUE
Dec-16,0.58,39.0,35.0,TRUE
Dec-16,0.1,40.0,35.0,TRUE
Dec-16,0.0,42.0,33.0,FALSE
Dec-16,0.29,42.0,33.0,TRUE
Dec-16,0.05,44.0,40.0,TRUE
Dec-16,0.0,47.0,38.0,FALSE
Dec-16,0.05,48.0,40.0,TRUE
Dec-16,0.02,45.0,34.0,TRUE
Dec-16,0.03,38.0,29.0,TRUE
Jan-17,0.43,37.0,28.0,TRUE
Jan-17,0.0,34.0,26.0,FALSE
Jan-17,0.0,33.0,21.0,FALSE
Jan-17,0.0,36.0,22.0,FALSE
Jan-17,0.0,35.0,21.0,FALSE
Jan-17,0.0,40.0,20.0,FALSE
Jan-17,0.0,37.0,29.0,FALSE
Jan-17,0.45,45.0,35.0,TRUE
Jan-17,0.05,42.0,34.0,TRUE
Jan-17,0.07,40.0,32.0,TRUE
Jan-17,0.0,34.0,28.0,FALSE
Jan-17,0.0,40.0,25.0,FALSE
Jan-17,0.0,37.0,25.0,FALSE
Jan-17,0.0,44.0,26.0,FALSE
Jan-17,0.0,43.0,27.0,FALSE
Jan-17,0.0,45.0,30.0,FALSE
Jan-17,1.74,49.0,39.0,TRUE
Jan-17,1.21,53.0,44.0,TRUE
Jan-17,0.09,50.0,41.0,TRUE
Jan-17,0.0,52.0,37.0,FALSE
Jan-17,0.05,54.0,40.0,TRUE
Jan-17,0.08,49.0,37.0,TRUE
Jan-17,0.0,48.0,34.0,FALSE
Jan-17,0.0,43.0,31.0,FALSE
Jan-17,0.0,44.0,35.0,FALSE
Jan-17,0.0,47.0,41.0,FALSE
Jan-17,0.0,54.0,37.0,FALSE
Jan-17,0.0,52.0,37.0,FALSE
Jan-17,0.03,48.0,37.0,TRUE
Jan-17,0.02,45.0,40.0,TRUE
Jan-17,0.0,44.0,34.0,FALSE
Feb-17,0.0,43.0,29.0,FALSE
Feb-17,0.01,44.0,32.0,TRUE
Feb-17,0.7,40.0,34.0,TRUE
Feb-17,0.94,46.0,37.0,TRUE
Feb-17,0.82,41.0,33.0,TRUE
Feb-17,0.65,37.0,30.0,TRUE
Feb-17,0.01,38.0,30.0,TRUE
Feb-17,0.7,40.0,34.0,TRUE
Feb-17,1.63,56.0,39.0,TRUE
Feb-17,0.02,48.0,39.0,TRUE
Feb-17,0.0,49.0,38.0,FALSE
Feb-17,0.0,51.0,34.0,FALSE
Feb-17,0.0,57.0,35.0,FALSE
Feb-17,0.23,58.0,36.0,TRUE
Feb-17,1.63,54.0,45.0,TRUE
Feb-17,0.5,53.0,46.0,TRUE
Feb-17,0.01,56.0,42.0,TRUE
Feb-17,0.15,45.0,42.0,TRUE
Feb-17,0.06,47.0,40.0,TRUE
Feb-17,0.2,45.0,40.0,TRUE
Feb-17,0.07,48.0,39.0,TRUE
Feb-17,0.0,46.0,35.0,FALSE
Feb-17,0.01,44.0,34.0,TRUE
Feb-17,0.0,47.0,32.0,FALSE
Feb-17,0.01,44.0,32.0,TRUE
Feb-17,0.33,41.0,35.0,TRUE
Feb-17,0.16,41.0,33.0,TRUE
Feb-17,0.01,47.0,33.0,TRUE
Mar-17,0.02,49.0,41.0,TRUE
Mar-17,0.09,47.0,41.0,TRUE
Mar-17,0.36,51.0,39.0,TRUE
Mar-17,0.04,46.0,34.0,TRUE
Mar-17,0.0,45.0,34.0,FALSE
Mar-17,0.0,43.0,35.0,FALSE
Mar-17,0.75,42.0,35.0,TRUE
Mar-17,0.13,43.0,37.0,TRUE
Mar-17,0.7,49.0,39.0,TRUE
Mar-17,0.03,52.0,44.0,TRUE
Mar-17,0.37,53.0,40.0,TRUE
Mar-17,0.02,53.0,45.0,TRUE
Mar-17,0.65,53.0,47.0,TRUE
Mar-17,0.39,57.0,48.0,TRUE
Mar-17,0.81,50.0,44.0,TRUE
Mar-17,0.0,52.0,39.0,FALSE
Mar-17,0.68,53.0,37.0,TRUE
Mar-17,0.34,57.0,35.0,TRUE
Mar-17,0.0,53.0,34.0,FALSE
Mar-17,0.01,54.0,38.0,TRUE
Mar-17,0.2,56.0,46.0,TRUE
Mar-17,0.02,56.0,43.0,TRUE
Mar-17,0.26,58.0,39.0,TRUE
Mar-17,0.24,54.0,44.0,TRUE
Mar-17,0.01,52.0,43.0,TRUE
Mar-17,0.38,49.0,43.0,TRUE
Mar-17,0.17,53.0,44.0,TRUE
Mar-17,0.14,53.0,44.0,TRUE
Mar-17,0.51,55.0,45.0,TRUE
Mar-17,0.0,54.0,43.0,FALSE
Mar-17,0.0,56.0,37.0,FALSE
Apr-17,0.04,56.0,45.0,TRUE
Apr-17,0.04,55.0,41.0,TRUE
Apr-17,0.0,53.0,40.0,FALSE
Apr-17,0.12,61.0,43.0,TRUE
Apr-17,0.46,54.0,48.0,TRUE
Apr-17,0.26,60.0,47.0,TRUE
Apr-17,0.1,59.0,46.0,TRUE
Apr-17,0.01,52.0,41.0,TRUE
Apr-17,0.0,56.0,39.0,FALSE
Apr-17,0.38,53.0,41.0,TRUE
Apr-17,0.02,57.0,38.0,TRUE
Apr-17,0.85,59.0,45.0,TRUE
Apr-17,0.08,54.0,43.0,TRUE
Apr-17,0.01,52.0,42.0,TRUE
Apr-17,0.0,57.0,41.0,FALSE
Apr-17,0.0,66.0,42.0,FALSE
Apr-17,0.07,60.0,50.0,TRUE
Apr-17,0.48,60.0,48.0,TRUE
Apr-17,0.35,56.0,46.0,TRUE
Apr-17,0.01,58.0,44.0,TRUE
Apr-17,0.0,66.0,43.0,FALSE
Apr-17,0.07,63.0,48.0,TRUE
Apr-17,0.49,53.0,45.0,TRUE
Apr-17,0.06,57.0,45.0,TRUE
Apr-17,0.05,56.0,47.0,TRUE
Apr-17,0.0,58.0,45.0,FALSE
Apr-17,0.04,56.0,44.0,TRUE
Apr-17,0.0,59.0,43.0,FALSE
Apr-17,0.14,57.0,42.0,TRUE
Apr-17,0.08,56.0,47.0,TRUE
May-17,0.03,50.0,45.0,TRUE
May-17,0.13,61.0,43.0,TRUE
May-17,0.11,74.0,55.0,TRUE
May-17,0.44,76.0,53.0,TRUE
May-17,0.25,59.0,46.0,TRUE
May-17,0.02,60.0,43.0,TRUE
May-17,0.0,62.0,45.0,FALSE
May-17,0.0,64.0,46.0,FALSE
May-17,0.0,70.0,47.0,FALSE
May-17,0.0,71.0,51.0,FALSE
May-17,0.47,60.0,46.0,TRUE
May-17,0.16,54.0,43.0,TRUE
May-17,0.03,57.0,45.0,TRUE
May-17,0.04,59.0,47.0,TRUE
May-17,0.33,52.0,46.0,TRUE
May-17,0.15,54.0,45.0,TRUE
May-17,0.0,60.0,45.0,FALSE
May-17,0.0,64.0,48.0,FALSE
May-17,0.0,71.0,50.0,FALSE
May-17,0.0,72.0,53.0,FALSE
May-17,0.0,76.0,52.0,FALSE
May-17,0.0,83.0,56.0,FALSE
May-17,0.0,78.0,53.0,FALSE
May-17,0.0,63.0,46.0,FALSE
May-17,0.0,70.0,47.0,FALSE
May-17,0.0,81.0,51.0,FALSE
May-17,0.0,86.0,55.0,FALSE
May-17,0.0,86.0,56.0,FALSE
May-17,0.0,74.0,52.0,FALSE
May-17,0.01,58.0,52.0,TRUE
May-17,0.11,72.0,52.0,TRUE
Jun-17,0.02,67.0,56.0,TRUE
Jun-17,0.0,73.0,53.0,FALSE
Jun-17,0.0,67.0,53.0,FALSE
Jun-17,0.0,67.0,52.0,FALSE
Jun-17,0.0,74.0,50.0,FALSE
Jun-17,0.0,84.0,53.0,FALSE
Jun-17,0.03,79.0,56.0,TRUE
Jun-17,0.31,63.0,54.0,TRUE
Jun-17,0.05,63.0,50.0,TRUE
Jun-17,0.0,67.0,48.0,FALSE
Jun-17,0.0,70.0,52.0,FALSE
Jun-17,0.0,64.0,52.0,FALSE
Jun-17,0.0,65.0,52.0,FALSE
Jun-17,0.0,65.0,51.0,FALSE
Jun-17,1.05,61.0,53.0,TRUE
Jun-17,0.0,68.0,53.0,FALSE
Jun-17,0.06,63.0,51.0,TRUE
Jun-17,0.0,71.0,55.0,FALSE
Jun-17,0.0,74.0,56.0,FALSE
Jun-17,0.0,73.0,56.0,FALSE
Jun-17,0.0,69.0,53.0,FALSE
Jun-17,0.0,75.0,50.0,FALSE
Jun-17,0.0,81.0,55.0,FALSE
Jun-17,0.0,89.0,61.0,FALSE
Jun-17,0.0,96.0,64.0,FALSE
Jun-17,0.0,72.0,55.0,FALSE
Jun-17,0.0,71.0,53.0,FALSE
Jun-17,0.0,68.0,54.0,FALSE
Jun-17,0.0,78.0,53.0,FALSE
Jun-17,0.0,86.0,57.0,FALSE
Jul-17,0.0,72.0,55.0,FALSE
Jul-17,0.0,77.0,54.0,FALSE
Jul-17,0.0,70.0,56.0,FALSE
Jul-17,0.0,78.0,53.0,FALSE
Jul-17,0.0,85.0,57.0,FALSE
Jul-17,0.0,85.0,55.0,FALSE
Jul-17,0.0,72.0,55.0,FALSE
Jul-17,0.0,81.0,58.0,FALSE
Jul-17,0.0,80.0,56.0,FALSE
Jul-17,0.0,73.0,58.0,FALSE
Jul-17,0.0,75.0,54.0,FALSE
Jul-17,0.0,78.0,54.0,FALSE
Jul-17,0.0,75.0,57.0,FALSE
Jul-17,0.0,79.0,57.0,FALSE
Jul-17,0.0,77.0,54.0,FALSE
Jul-17,0.0,72.0,55.0,FALSE
Jul-17,0.0,78.0,55.0,FALSE
Jul-17,0.0,82.0,56.0,FALSE
Jul-17,0.0,78.0,53.0,FALSE
Jul-17,0.0,74.0,59.0,FALSE
Jul-17,0.0,78.0,55.0,FALSE
Jul-17,0.0,85.0,63.0,FALSE
Jul-17,0.0,76.0,62.0,FALSE
Jul-17,0.0,82.0,56.0,FALSE
Jul-17,0.0,87.0,58.0,FALSE
Jul-17,0.0,84.0,56.0,FALSE
Jul-17,0.0,70.0,57.0,FALSE
Jul-17,0.0,79.0,56.0,FALSE
Jul-17,0.0,81.0,54.0,FALSE
Jul-17,0.0,80.0,58.0,FALSE
Jul-17,0.0,85.0,60.0,FALSE
Aug-17,0.0,87.0,60.0,FALSE
Aug-17,0.0,91.0,69.0,FALSE
Aug-17,0.0,94.0,68.0,FALSE
Aug-17,0.0,91.0,62.0,FALSE
Aug-17,0.0,82.0,58.0,FALSE
Aug-17,0.0,82.0,58.0,FALSE
Aug-17,0.0,84.0,57.0,FALSE
Aug-17,0.0,89.0,59.0,FALSE
Aug-17,0.0,91.0,61.0,FALSE
Aug-17,0.0,90.0,60.0,FALSE
Aug-17,0.0,77.0,57.0,FALSE
Aug-17,0.02,76.0,58.0,TRUE
Aug-17,0.0,74.0,60.0,FALSE
Aug-17,0.0,73.0,56.0,FALSE
Aug-17,0.0,78.0,55.0,FALSE
Aug-17,0.0,79.0,57.0,FALSE
Aug-17,0.0,75.0,59.0,FALSE
Aug-17,0.0,73.0,55.0,FALSE
Aug-17,0.0,76.0,58.0,FALSE
Aug-17,0.0,77.0,56.0,FALSE
Aug-17,0.0,83.0,57.0,FALSE
Aug-17,0.0,86.0,60.0,FALSE
Aug-17,0.0,75.0,59.0,FALSE
Aug-17,0.0,72.0,58.0,FALSE
Aug-17,0.0,76.0,54.0,FALSE
Aug-17,0.0,84.0,54.0,FALSE
Aug-17,0.0,87.0,61.0,FALSE
Aug-17,0.0,88.0,62.0,FALSE
Aug-17,0.0,85.0,60.0,FALSE
Aug-17,0.0,77.0,60.0,FALSE
Aug-17,0.0,75.0,61.0,FALSE
Sep-17,0.0,85.0,57.0,FALSE
Sep-17,0.0,90.0,62.0,FALSE
Sep-17,0.0,90.0,65.0,FALSE
Sep-17,0.0,88.0,65.0,FALSE
Sep-17,0.0,85.0,66.0,FALSE
Sep-17,0.0,81.0,63.0,FALSE
Sep-17,0.0,75.0,61.0,FALSE
Sep-17,0.0,71.0,60.0,FALSE
Sep-17,0.0,68.0,59.0,FALSE
Sep-17,0.0,73.0,55.0,FALSE
Sep-17,0.0,80.0,52.0,FALSE
Sep-17,0.0,77.0,57.0,FALSE
Sep-17,0.0,70.0,53.0,FALSE
Sep-17,0.0,74.0,54.0,FALSE
Sep-17,0.0,76.0,50.0,FALSE
Sep-17,0.0,76.0,53.0,FALSE
Sep-17,0.15,64.0,54.0,TRUE
Sep-17,0.16,62.0,50.0,TRUE
Sep-17,0.04,64.0,50.0,TRUE
Sep-17,0.13,57.0,50.0,TRUE
Sep-17,0.02,64.0,50.0,TRUE
Sep-17,0.0,68.0,51.0,FALSE
Sep-17,0.0,68.0,54.0,FALSE
Sep-17,0.0,72.0,50.0,FALSE
Sep-17,0.01,65.0,56.0,TRUE
Sep-17,0.0,74.0,55.0,FALSE
Sep-17,0.0,80.0,54.0,FALSE
Sep-17,0.0,86.0,55.0,FALSE
Sep-17,0.07,67.0,54.0,TRUE
Sep-17,0.01,64.0,52.0,TRUE
Oct-17,0.0,62.0,50.0,FALSE
Oct-17,0.0,62.0,47.0,FALSE
Oct-17,0.0,69.0,44.0,FALSE
Oct-17,0.0,68.0,45.0,FALSE
Oct-17,0.0,69.0,45.0,FALSE
Oct-17,0.01,66.0,46.0,TRUE
Oct-17,0.01,62.0,49.0,TRUE
Oct-17,0.01,62.0,46.0,TRUE
Oct-17,0.0,64.0,43.0,FALSE
Oct-17,0.0,60.0,45.0,FALSE
Oct-17,0.17,57.0,43.0,TRUE
Oct-17,0.38,50.0,45.0,TRUE
Oct-17,0.0,54.0,41.0,FALSE
Oct-17,0.0,56.0,38.0,FALSE
Oct-17,0.0,63.0,41.0,FALSE
Oct-17,0.0,62.0,42.0,FALSE
Oct-17,0.06,60.0,49.0,TRUE
Oct-17,1.35,64.0,47.0,TRUE
Oct-17,1.04,54.0,50.0,TRUE
Oct-17,0.13,53.0,46.0,TRUE
Oct-17,1.61,58.0,45.0,TRUE
Oct-17,0.02,60.0,50.0,TRUE
Oct-17,0.0,65.0,49.0,FALSE
Oct-17,0.0,66.0,46.0,FALSE
Oct-17,0.01,59.0,44.0,TRUE
Oct-17,0.0,58.0,49.0,FALSE
Oct-17,0.0,66.0,46.0,FALSE
Oct-17,0.0,68.0,44.0,FALSE
Oct-17,0.0,56.0,46.0,FALSE
Oct-17,0.0,63.0,45.0,FALSE
Oct-17,0.0,58.0,38.0,FALSE
Nov-17,0.01,55.0,47.0,TRUE
Nov-17,0.19,50.0,42.0,TRUE
Nov-17,0.3,43.0,33.0,TRUE
Nov-17,0.42,41.0,35.0,TRUE
Nov-17,0.61,40.0,33.0,TRUE
Nov-17,0.0,47.0,36.0,FALSE
Nov-17,0.0,48.0,38.0,FALSE
Nov-17,0.15,54.0,45.0,TRUE
Nov-17,0.42,50.0,43.0,TRUE
Nov-17,0.01,51.0,41.0,TRUE
Nov-17,0.05,52.0,43.0,TRUE
Nov-17,0.52,57.0,47.0,TRUE
Nov-17,0.81,55.0,45.0,TRUE
Nov-17,0.05,54.0,44.0,TRUE
Nov-17,0.46,53.0,43.0,TRUE
Nov-17,0.16,44.0,42.0,TRUE
Nov-17,0.0,50.0,42.0,FALSE
Nov-17,0.0,52.0,41.0,FALSE
Nov-17,0.58,53.0,39.0,TRUE
Nov-17,0.63,50.0,41.0,TRUE
Nov-17,1.14,60.0,38.0,TRUE
Nov-17,0.52,68.0,56.0,TRUE
Nov-17,0.2,59.0,48.0,TRUE
Nov-17,0.01,52.0,46.0,TRUE
Nov-17,0.19,51.0,43.0,TRUE
Nov-17,0.25,58.0,42.0,TRUE
Nov-17,0.0,50.0,42.0,FALSE
Nov-17,0.68,47.0,43.0,TRUE
Nov-17,0.0,50.0,41.0,FALSE
Nov-17,0.27,46.0,41.0,TRUE
Dec-17,0.27,48.0,38.0,TRUE
Dec-17,0.79,44.0,41.0,TRUE
Dec-17,0.05,46.0,39.0,TRUE
Dec-17,0.0,45.0,34.0,FALSE
Dec-17,0.0,45.0,33.0,FALSE
Dec-17,0.0,52.0,36.0,FALSE
Dec-17,0.0,52.0,34.0,FALSE
Dec-17,0.0,43.0,29.0,FALSE
Dec-17,0.0,44.0,29.0,FALSE
Dec-17,0.0,49.0,34.0,FALSE
Dec-17,0.0,49.0,29.0,FALSE
Dec-17,0.0,46.0,32.0,FALSE
Dec-17,0.0,48.0,34.0,FALSE
Dec-17,0.0,50.0,36.0,FALSE
